Run.Index	Run	Channel	Precursor.Id	Modified.Sequence	Stripped.Sequence	Precursor.Charge	Precursor.Lib.Index	Decoy	Proteotypic	Precursor.Mz	Protein.Ids	Protein.Group	Protein.Names	Genes	RT	iRT	Predicted.RT	Predicted.iRT	IM	iIM	Predicted.IM	Predicted.iIM	Precursor.Quantity	Precursor.Normalised	Ms1.Area	Ms1.Normalised	Ms1.Apex.Area	Ms1.Apex.Mz.Delta	Normalisation.Factor	Quantity.Quality	Empirical.Quality	Normalisation.Noise	Ms1.Profile.Corr	Evidence	Mass.Evidence	Channel.Evidence	Ms1.Total.Signal.Before	Ms1.Total.Signal.After	RT.Start	RT.Stop	FWHM	PG.TopN	PG.MaxLFQ	Genes.TopN	Genes.MaxLFQ	Genes.MaxLFQ.Unique	PG.MaxLFQ.Quality	Genes.MaxLFQ.Quality	Genes.MaxLFQ.Unique.Quality	Q.Value	PEP	Global.Q.Value	Lib.Q.Value	Peptidoform.Q.Value	Global.Peptidoform.Q.Value	Lib.Peptidoform.Q.Value	PTM.Site.Confidence	Site.Occupancy.Probabilities	Protein.Sites	Lib.PTM.Site.Confidence	Translated.Q.Value	Channel.Q.Value	PG.Q.Value	PG.PEP	GG.Q.Value	Protein.Q.Value	Global.PG.Q.Value	Lib.PG.Q.Value	Well	plate	Order	seqcharge	plex	ID	File.Name
62	A4	4	(Dimethyl)DGGSTTAGNSSQVSDGAAAVLLAR3	(Dimethyl)DGGSTTAGNSSQVSDGAAAVLLAR	DGGSTTAGNSSQVSDGAAAVLLAR	3	1375	0	0	746.381713867188	Q8VCH0;Q921H8	Q8VCH0	THIKB_MOUSE	Acaa1b	26.2933235168457	64.1618728637695	26.2972431182861	64.0533676147461	1.03636169433594	1.07336938381195	1.0385377407074	1.07443034648895	2444.08154296875	2444.08154296875	2829.1181640625	2829.1181640625	2053.07543945312	-0.0096435546875	1	0.525079071521759	0.892041683197021	0	0.831304490566254	4.49188899993896	0	1.06468605995178	16667784	16794094	26.2453804016113	26.3732433319092	0.0305373594164848	0	0	0	0	0	0	0	0	0.000162772950716317	0.000162772950716317	1.17002900879015e-05	6.41848509985721e-06	0.0174418613314629	2.50511438935064e-05	8.67428479978116e-06	0	(Dimethyl)DGGSTTAGNSSQVSDGAAAVLLAR3	[Q8VCH0:D266]	0	0.00448430515825748	0.0109890112653375	1	1	1	1	0.00255754473619163	0.00101214577443898	A4	2	83	DGGSTTAGNSSQVSDGAAAVLLAR3	M	A42.M	A42.M
62	A4	0	(Dimethyl)LAPEYEAAATR2	(Dimethyl)LAPEYEAAATR	LAPEYEAAATR	2	5762	0	1	610.319519042969	P27773	P27773	PDIA3_MOUSE	Pdia3	23.2956962585449	11.8653917312622	23.328763961792	11.5255756378174	0.918788135051727	0.963768184185028	0.917555809020996	0.964607417583466	1223.12475585938	1223.12475585938	2369.06811523438	2369.06811523438	1219.03820800781	-0.00555419921875	1	0.463827431201935	0.00999999977648258	0	0.225848108530045	2.02667284011841	0	0.0881169661879539	20709544	21407326	23.2477531433105	23.3596248626709	0.0420986227691174	0	0	0	0	0	0	0	0	4.48430510004982e-05	6.54054747428745e-05	1.79856106115039e-05	3.31354613081203e-06	0.0224032588303089	1.76977409864776e-05	1.2905829862575e-05	0	(Dimethyl)LAPEYEAAATR2	[P27773:L63]	0	0.00448430515825748	1	1	1	1	1	0.00255754473619163	0.00101214577443898	A4	2	83	LAPEYEAAATR2	L	A42.L	A42.L
62	A4	0	(Dimethyl)VATVSLPR2	(Dimethyl)VATVSLPR	VATVSLPR	2	9582	0	1	435.774017333984	contam_sp|P00761|TRYP_PIG	contam_sp|P00761|TRYP_PIG	Trypsin	Trypsin	24.0859203338623	25.4899444580078	24.1327476501465	25.7475738525391	0.82574599981308	0.865785539150238	0.820037841796875	0.872657001018524	1039143.875	1039143.875	1267597.125	1267597.125	1241689.625	-0.002777099609375	1	0.844236850738525	0.950319111347198	0	0.978238821029663	5.58231067657471	2.38316655158997	1.94574213027954	26506052	24851530	24.0060081481934	24.1658267974854	0.0844355747103691	0	0	0	0	0	0	0	0	0.00448430515825748	0.00654054759070277	7.07213575878995e-06	0.0023545240983367	0.0174418613314629	1.52987104229396e-05	0.0023545240983367	0	(Dimethyl)VATVSLPR2	[contam_sp|P00761|TRYP_PIG:V108]	0	0.0191693287342787	0.0204081628471613	1	1	1	1	0.00255754473619163	0.00101214577443898	A4	2	83	VATVSLPR2	L	A42.L	A42.L
64	A5	4	(Dimethyl)AIAELGIYPAVDPLDSTSR2	(Dimethyl)AIAELGIYPAVDPLDSTSR	AIAELGIYPAVDPLDSTSR	2	411	0	1	1010.54858398438	P56480	P56480	ATPB_MOUSE	Atp5f1b	28.144100189209	96.1943130493164	28.8889789581299	102.538246154785	1.17875003814697	1.20462667942047	1.1784884929657	1.22621011734009	1331.46069335938	1331.46069335938	2447.11254882812	2447.11254882812	2336.10424804688	-0.0040283203125	1	0.709209799766541	0.66987133026123	0	0.455674141645432	2.85028839111328	0	1.39255475997925	10463902	10826006	28.1120891571045	28.176061630249	0.0240097045898438	0	0	0	0	0	0	0	0	0.00793650839477777	0.0154437273740768	2.70270265900763e-05	2.47279922405141e-06	0.139534890651703	3.87183354177978e-05	3.11891221826954e-06	0	(Dimethyl)AIAELGIYPAVDPLDSTSR2	[P56480:A388]	0	0	0.0384615398943424	1	1	1	1	0.00255754473619163	0.00101214577443898	A5	2	47	AIAELGIYPAVDPLDSTSR2	M	A52.M	A52.M
22	A2	0	(Dimethyl)TIAYGYIR2	(Dimethyl)TIAYGYIR	TIAYGYIR	2	9111	0	1	492.779266357422	Q99LB7	Q99LB7	SARDH_MOUSE	Sardh	25.6393337249756	34.763614654541	25.5853576660156	40.5035247802734	0.874586701393127	0.923143804073334	0.879902422428131	0.92387729883194	58.6287117004395	58.6287117004395	172.003356933594	172.003356933594	59.0010986328125	0	1	0.3600033223629	0.00999999977648258	0	0.0384492948651314	1.30247151851654	0	0	37579888	37740644	25.5913887023926	25.7032527923584	0.0359402187168598	0	0	0	0	0	0	0	0	0.000951325288042426	0.000951325288042426	4.42477867181879e-05	0.00157175678759813	0.216793894767761	9.83105710474774e-05	0.00157175678759813	0	(Dimethyl)TIAYGYIR2	[Q99LB7:T865]	0	0.0167597774416208	1	1	1	1	1	0.00255754473619163	0.00101214577443898	A2	2	1	TIAYGYIR2	L	A22.L	A22.L
62	A4	8	(Dimethyl)IVGDLAQFM(UniMod:35)VQNGLSR3	(Dimethyl)IVGDLAQFM(UniMod:35)VQNGLSR	IVGDLAQFMVQNGLSR	3	5237	0	1	600.667053222656	Q05920	Q05920	PYC_MOUSE	Pc	26.4922409057617	68.7255477905273	26.6331653594971	67.3834609985352	0.910509884357452	0.94801652431488	0.911473512649536	0.954731583595276	1219.03442382812	1219.03442382812	1863.05700683594	1863.05700683594	1113.03198242188	-0.0087890625	1	0	0	0	0.77854859828949	1.72927141189575	0	0.29688560962677	16856538	18707510	26.444278717041	26.5561618804932	0.0695160254836082	0	0	0	0	0	0	0	0	0.00448430515825748	0.00654054759070277	1.44717796501936e-05	0.000796336855273694	0.190517991781235	3.42758030456025e-05	0.000796336855273694	1	(Dimethyl)IVGDLAQFM(UniMod:35){1.000000}VQNGLSR3	[Q05920:I913,M921]	1	0.0130718955770135	0.388571441173553	1	1	1	1	0.00255754473619163	0.00101214577443898	A4	2	83	IVGDLAQFMVQNGLSR3	H	A42.H	A42.H
62	A4	0	(Dimethyl)VVDDTNITR2	(Dimethyl)VVDDTNITR	VVDDTNITR	2	10441	0	1	530.785278320312	P05784	P05784	K1C18_MOUSE	Krt18	22.4451065063477	-3.31598973274231	22.5104465484619	-4.73979377746582	0.851317942142487	0.896362900733948	0.852190554141998	0.895193755626678	610.713623046875	610.713623046875	1757.04077148438	1757.04077148438	530.014892578125	-0.00543212890625	1	0.536831498146057	0.237009420990944	0	0.574419438838959	1.69278836250305	0	0.565128684043884	23034224	21387100	22.429126739502	22.4930515289307	0.0581896528601646	0	0	0	0	0	0	0	0	0.000155439323862083	0.000155439323862083	7.07213575878995e-06	9.7263022325933e-05	0.0174418613314629	1.52987104229396e-05	0.00187499995809048	0	(Dimethyl)VVDDTNITR2	[P05784:V181]	0	0.00448430515825748	0.309352517127991	1	1	1	1	0.00255754473619163	0.00101214577443898	A4	2	83	VVDDTNITR2	L	A42.L	A42.L
62	A4	4	(Dimethyl)VAIIEPGGFR2	(Dimethyl)VAIIEPGGFR	VAIIEPGGFR	2	9513	0	1	545.83154296875	O88451	O88451	RDH7_MOUSE	Rdh7	25.7374801635742	54.4776954650879	25.7174091339111	54.9071083068848	0.871114790439606	0.91061794757843	0.869980573654175	0.913783013820648	6793.94091796875	6793.94091796875	7784.18994140625	7784.18994140625	6757.169921875	-0.00543212890625	1	0.599143743515015	0.00999999977648258	0	0.677110433578491	2.15798354148865	0	0	18296684	17073840	25.6575717926025	25.8173828125	0.0313049703836441	0	0	0	0	0	0	0	0	4.48430510004982e-05	6.54054747428745e-05	1.79856106115039e-05	1.93502091860864e-05	0.018229166045785	1.76977409864776e-05	4.8447629524162e-05	0	(Dimethyl)VAIIEPGGFR2	[O88451:V200]	0	0	1	1	1	1	1	0.00255754473619163	0.00101214577443898	A4	2	83	VAIIEPGGFR2	M	A42.M	A42.M
62	A4	0	(Dimethyl)SSGPTSLFAVTVAPPGAR2	(Dimethyl)SSGPTSLFAVTVAPPGAR	SSGPTSLFAVTVAPPGAR	2	8799	0	1	871.975402832031	Q8VEK3	Q8VEK3	HNRPU_MOUSE	Hnrnpu	27.2097187042236	80.7421875	27.2270793914795	81.2359390258789	1.07526743412018	1.12473058700562	1.07280254364014	1.12003362178802	705.02490234375	705.02490234375	592.023010253906	592.023010253906	245.008972167969	-0.00823974609375	1	0	0	0	0.466156244277954	3.38324522972107	0	0.26497945189476	16568629	17012634	27.177755355835	27.273645401001	0.0276491995900869	0	0	0	0	0	0	0	0	0.000186799356015399	0.000186799356015399	2.93255125143332e-05	4.34288776887115e-05	0.111819237470627	0.00234466581605375	4.34288776887115e-05	0	(Dimethyl)SSGPTSLFAVTVAPPGAR2	[Q8VEK3:S182]	0	0	1	1	1	1	1	0.00255754473619163	0.00101214577443898	A4	2	83	SSGPTSLFAVTVAPPGAR2	L	A42.L	A42.L
62	A4	4	(Dimethyl)YNLGLDLR2	(Dimethyl)YNLGLDLR	YNLGLDLR	2	10945	0	0	498.294738769531	contam_sp|P00366|DHE3_BOVIN;P26443	P26443	DHE3_MOUSE	Glud1	26.1193065643311	60.3918609619141	26.133092880249	60.7162322998047	0.842042088508606	0.878412961959839	0.832760989665985	0.891109585762024	1092.07824707031	1092.07824707031	3246.08544921875	3246.08544921875	1285.03564453125	-0.004791259765625	1	0.651698470115662	0.585098087787628	0	0.593066453933716	2.73363208770752	0.450719714164734	0.855999648571014	15890633	16280267	26.1033267974854	26.1832294464111	0.0816327854990959	0	0	0	0	0	0	0	0	0.00448430515825748	0.00654054759070277	0.000136311020469293	2.97102014883421e-05	0.0174418613314629	0.000134129280922934	0.000796336855273694	0	(Dimethyl)YNLGLDLR2	[P26443:Y528]	0	0.00448430515825748	0.078740157186985	1	1	1	1	0.00255754473619163	0.00101214577443898	A4	2	83	YNLGLDLR2	M	A42.M	A42.M
22	A2	8	(Dimethyl)VFLENVIR2	(Dimethyl)VFLENVIR	VFLENVIR	2	9760	0	1	513.330383300781	P62806	P62806	H4_MOUSE	H4c1	27.0777893066406	61.4094619750977	26.8384208679199	69.2868499755859	0.862180709838867	0.904426991939545	0.859449744224548	0.91059535741806	1773.12170410156	1773.12170410156	2952.06420898438	2952.06420898438	1909.05004882812	-0.00091552734375	1	0.686750531196594	0.00999999977648258	0	0.8871910572052	2.20424151420593	0	0.887134373188019	20275704	19738314	27.0298385620117	27.1417140960693	0.0458048433065414	0	0	0	0	0	0	0	0	0.00378787890076637	0.0111388508230448	1.23304562293924e-05	0.00157175678759813	0.0254237279295921	2.40260760620004e-05	0.00157175678759813	0	(Dimethyl)VFLENVIR2	[P62806:V61]	0	0.0291479825973511	0.025000000372529	1	1	1	1	0.00255754473619163	0.00101214577443898	A2	2	1	VFLENVIR2	H	A22.H	A22.H
62	A4	8	(Dimethyl)IVLQIDNAR2	(Dimethyl)IVLQIDNAR	IVLQIDNAR	2	5250	0	0	539.344055175781	P05784;P19001	P05784	K1C18_MOUSE	Krt18	25.0023097991943	42.3432426452637	25.0842266082764	42.0838241577148	0.883136689662933	0.92451673746109	0.882648646831512	0.928359806537628	3110.05810546875	3110.05810546875	3808.09594726562	3808.09594726562	3068.07763671875	-0.00537109375	1	0.751851975917816	0.00999999977648258	0	0.948423504829407	3.85367155075073	0	0.986197412014008	17274050	17976690	24.9703464508057	25.0502510070801	0.029521394520998	0	0	0	0	0	0	0	0	1.07494088297244e-05	1.07494088297244e-05	1.79856106115039e-05	1.75456370925531e-05	0.0174418613314629	1.76977409864776e-05	1.34212777993525e-05	0	(Dimethyl)IVLQIDNAR2	[P05784:I143]	0	0.00448430515825748	0.025000000372529	1	1	1	1	0.00255754473619163	0.00101214577443898	A4	2	83	IVLQIDNAR2	H	A42.H	A42.H
22	A2	0	(Dimethyl)LLIEDLEAR2	(Dimethyl)LLIEDLEAR	LLIEDLEAR	2	6332	0	1	550.321533203125	Q9ERS2	Q9ERS2	NDUAD_MOUSE	Ndufa13	26.8877849578857	68.5052108764648	27.2644157409668	66.9325256347656	0.88825535774231	0.934995234012604	0.886593699455261	0.935406565666199	202.004653930664	202.004653930664	96.0023498535156	96.0023498535156	96.0023498535156	0	1	0	0	0	0.890048980712891	1.5754075050354	0	0	21681944	21881274	26.8398418426514	26.9197463989258	0.0351738892495632	0	0	0	0	0	0	0	0	0.0038167939055711	0.0112642720341682	0.00076628354145214	0.000812567712273449	0.0199999995529652	0.000695894239470363	0.000812567712273449	0	(Dimethyl)LLIEDLEAR2	[Q9ERS2:L60]	0	0	1	1	1	1	1	0.00255754473619163	0.00101214577443898	A2	2	1	LLIEDLEAR2	L	A22.L	A22.L
22	A2	8	(Dimethyl)TIAM(UniMod:35)DGTEGLVR2	(Dimethyl)TIAM(UniMod:35)DGTEGLVR	TIAMDGTEGLVR	2	9107	0	1	657.859436035156	P56480	P56480	ATPB_MOUSE	Atp5f1b	24.6093254089355	20.1081829071045	24.6751556396484	17.5610160827637	0.958750009536743	1.00202238559723	0.95531690120697	1.00547707080841	388.063323974609	388.063323974609	801.022155761719	801.022155761719	456.013977050781	-0.0047607421875	1	0.426142185926437	0.00999999977648258	0	0.133453786373138	1.36145853996277	0	0.623313128948212	39950836	28875856	24.5454006195068	24.657283782959	0.0259479936212301	0	0	0	0	0	0	0	0	0.00378787890076637	0.00723932590335608	1.51285930769518e-05	8.05333402240649e-05	0.0139860138297081	1.50156984091154e-05	8.05333402240649e-05	1	(Dimethyl)TIAM(UniMod:35){1.000000}DGTEGLVR2	[P56480:T110,M113]	1	0.0179948583245277	0.0384615398943424	1	1	1	1	0.00255754473619163	0.00101214577443898	A2	2	1	TIAMDGTEGLVR2	H	A22.H	A22.H
64	A5	0	(Dimethyl)FFPASADR2	(Dimethyl)FFPASADR	FFPASADR	2	3043	0	1	469.740173339844	P09103	P09103	PDIA1_MOUSE	P4hb	23.3725643157959	21.0123710632324	23.7837066650391	19.448263168335	0.802920162677765	0.854350090026855	0.807835578918457	0.857967972755432	244.005523681641	244.005523681641	390.007659912109	390.007659912109	0	0	1	0	0	0	0	1.27155494689941	0	0	15925117	15783636	23.3246173858643	23.4205074310303	0.0475513227283955	0	0	0	0	0	0	0	0	0.00757575780153275	0.0210805609822273	0.000314373261062428	0.0023545240983367	0.16666667163372	0.0176423415541649	0.00350792310200632	0	(Dimethyl)FFPASADR2	[P09103:F447]	0	0.0153846153989434	1	1	1	1	1	0.00255754473619163	0.00101214577443898	A5	2	47	FFPASADR2	L	A52.L	A52.L
62	A4	0	(Dimethyl)VVLVTGAGGGLGR2	(Dimethyl)VVLVTGAGGGLGR	VVLVTGAGGGLGR	2	10518	0	1	592.361511230469	P51660	P51660	DHB4_MOUSE	Hsd17b4	24.9579162597656	40.4001922607422	24.9534931182861	40.5389862060547	0.906378328800201	0.95778751373291	0.913924038410187	0.950031697750092	1218.541015625	1218.541015625	1273.03955078125	1273.03955078125	1273.03955078125	-0.00506591796875	1	0.512443065643311	0.00999999977648258	0	0.427484422922134	3.34255528450012	0	0.757339954376221	17757676	17779086	24.8939933776855	25.005859375	0.0438123643398285	0	0	0	0	0	0	0	0	8.35501414258033e-05	8.35501414258033e-05	1.79856106115039e-05	3.23624590237159e-06	0.0617886185646057	1.76977409864776e-05	3.96220730181085e-06	0	(Dimethyl)VVLVTGAGGGLGR2	[P51660:V11]	0	0.00448430515825748	0.186813190579414	1	1	1	1	0.00255754473619163	0.00101214577443898	A4	2	83	VVLVTGAGGGLGR2	L	A42.L	A42.L
62	A4	0	(Dimethyl)IYLPHSLPQQ2	(Dimethyl)IYLPHSLPQQ	IYLPHSLPQQ	2	5299	0	1	612.3427734375	P03930	P03930	ATP8_MOUSE	Mtatp8	25.3414878845215	46.3870468139648	25.2954921722412	46.4087791442871	0.940186440944672	0.980771899223328	0.941010296344757	0.980614960193634	149.336151123047	149.336151123047	466.013336181641	466.013336181641	182.005340576172	-0.00787353515625	1	0.371142089366913	0.00999999977648258	0	0	1.92103147506714	0	0.752468883991241	17644778	19049678	25.2935447692871	25.3734512329102	0.0312311816960573	0	0	0	0	0	0	0	0	0.000120784359751269	0.000120784359751269	1.79856106115039e-05	2.47279922405141e-06	0.0401891246438026	1.76977409864776e-05	3.11891221826954e-06	0	(Dimethyl)IYLPHSLPQQ2	[P03930:I58]	0	0.00448430515825748	0.186813190579414	1	1	1	1	0.00255754473619163	0.00101214577443898	A4	2	83	IYLPHSLPQQ2	L	A42.L	A42.L
62	A4	8	(Dimethyl)ELNDFISYLQR2	(Dimethyl)ELNDFISYLQR	ELNDFISYLQR	2	2493	0	1	717.394470214844	P27773	P27773	PDIA3_MOUSE	Pdia3	27.7779350280762	89.7979278564453	27.7885856628418	89.4730682373047	0.99836128950119	1.03978455066681	1.00214517116547	1.04041540622711	1192.03527832031	1192.03527832031	1916.06005859375	1916.06005859375	876.024658203125	-0.00714111328125	1	0	0	0	0.712031781673431	2.86153554916382	0.570691466331482	0	15697732	15350207	27.7299900054932	27.8738193511963	0.065704345703125	0	0	0	0	0	0	0	0	0.00015960207383614	0.00015960207383614	0.000322650361340493	2.47279922405141e-06	0.0655498877167702	0.00978473573923111	3.11891221826954e-06	0	(Dimethyl)ELNDFISYLQR2	[P27773:E472]	0	0	1	1	1	1	1	0.00255754473619163	0.00101214577443898	A4	2	83	ELNDFISYLQR2	H	A42.H	A42.H
62	A4	4	(Dimethyl)AAYFGIYDTAK(Dimethyl)2	(Dimethyl)AAYFGIYDTAK(Dimethyl)	AAYFGIYDTAK	2	128	0	1	642.359680175781	P51881	P51881	ADT2_MOUSE	Slc25a5	25.710844039917	55.4810791015625	25.7759494781494	54.2582130432129	0.988777279853821	1.02680563926697	0.991136193275452	1.02764654159546	8251.5888671875	8251.5888671875	14158.4921875	14158.4921875	13839.48046875	-0.00592041015625	1	0.840384900569916	0.719473779201508	0	0.958990871906281	2.76872754096985	1.5114985704422	1.89087653160095	20332392	19327226	25.6629009246826	25.7747688293457	0.0524284839630127	0	0	0	0	0	0	0	0	0.00448430515825748	0.00654054759070277	8.66551090439316e-06	2.47279922405141e-06	0.0174418613314629	1.55704128701473e-05	3.11891221826954e-06	0	(Dimethyl)AAYFGIYDTAK(Dimethyl)2	[P51881:A189,K199]	0	0	0.0109890112653375	1	1	1	1	0.00255754473619163	0.00101214577443898	A4	2	83	AAYFGIYDTAK2	M	A42.M	A42.M
64	A5	8	(Dimethyl)ELSEPSSTR2	(Dimethyl)ELSEPSSTR	ELSEPSSTR	2	2519	0	1	521.283874511719	Q8C196	Q8C196	CPSM_MOUSE	Cps1	21.7440071105957	-16.6150341033936	21.9772720336914	-12.9902458190918	0.80789852142334	0.854173243045807	0.791025519371033	0.862392544746399	1257.40588378906	1257.40588378906	1466.02917480469	1466.02917480469	1362.02722167969	-0.000732421875	1	0.602082967758179	0.00999999977648258	0	0.72519588470459	1.94753909111023	0	0.818794846534729	14303103	14483016	21.680082321167	21.8239192962646	0.0414079390466213	0	0	0	0	0	0	0	0	0.00688919145613909	0.00688919145613909	7.07213575878995e-06	0.000247279909672216	0.139534890651703	1.52987104229396e-05	0.00116861436981708	0	(Dimethyl)ELSEPSSTR2	[Q8C196:E842]	0	0	0.0434782616794109	1	1	1	1	0.00255754473619163	0.00101214577443898	A5	2	47	ELSEPSSTR2	H	A52.H	A52.H
64	A5	0	(Dimethyl)VVDDTNITR2	(Dimethyl)VVDDTNITR	VVDDTNITR	2	10441	0	1	530.785278320312	P05784	P05784	K1C18_MOUSE	Krt18	22.3052024841309	-3.31598973274231	22.2860107421875	4.86187648773193	0.842499971389771	0.896362900733948	0.859995007514954	0.894272267818451	258.819793701172	258.819793701172	375.008361816406	375.008361816406	258.006195068359	-0.00201416015625	1	0.552578508853912	0.00999999977648258	0	0.760607898235321	2.75303363800049	0.809523820877075	1.34700083732605	15240686	14851854	22.2732410430908	22.3371639251709	0.0239710807800293	0	0	0	0	0	0	0	0	0.00757575780153275	0.0210805609822273	7.07213575878995e-06	9.7263022325933e-05	0.314393937587738	1.52987104229396e-05	0.00187499995809048	0	(Dimethyl)VVDDTNITR2	[P05784:V181]	0	0.00793650839477777	0.0769230797886848	1	1	1	1	0.00255754473619163	0.00101214577443898	A5	2	47	VVDDTNITR2	L	A52.L	A52.L
22	A2	0	(Dimethyl)FSPLTANLM(UniMod:35)NLLAENGR3	(Dimethyl)FSPLTANLM(UniMod:35)NLLAENGR	FSPLTANLMNLLAENGR	3	3293	0	1	635.668151855469	Q9DB20	Q9DB20	ATPO_MOUSE	Atp5po	28.6351757049561	100.478950500488	28.7789897918701	100.582328796387	0.884577333927155	0.9309983253479	0.8848717212677	0.931470453739166	516.013916015625	516.013916015625	718.018676757812	718.018676757812	516.013916015625	0.0003662109375	1	0	0	0	0.779459595680237	2.64795064926147	0	0.954633295536041	17918282	19020184	28.5872364044189	28.6831188201904	0.03455650806427	0	0	0	0	0	0	0	0	6.65984625811689e-05	0.000111388508230448	0.000134129280922934	2.29042598220985e-06	0.0254237279295921	0.000134129280922934	5.44242811884033e-06	1	(Dimethyl)FSPLTANLM(UniMod:35){1.000000}NLLAENGR3	[Q9DB20:F101,M109]	1	0.0038167939055711	0.015625	1	1	1	1	0.00255754473619163	0.00101214577443898	A2	2	1	FSPLTANLMNLLAENGR3	L	A22.L	A22.L
62	A4	4	(Dimethyl)QVEIAQR2	(Dimethyl)QVEIAQR	QVEIAQR	2	8179	0	1	438.265991210938	P16460	P16460	ASSY_MOUSE	Ass1	22.2639846801758	-7.89685869216919	22.162260055542	-6.47199535369873	0.784264087677002	0.829037308692932	0.786229491233826	0.828055500984192	1820.81384277344	1820.81384277344	3038.0576171875	3038.0576171875	2492.04907226562	-0.003997802734375	1	0.66909271478653	0.785312056541443	0	0.812445044517517	2.97871828079224	0.10567232966423	0.804556250572205	19602586	19312256	22.2160396575928	22.3119239807129	0.0405988804996014	0	0	0	0	0	0	0	0	0.00448430515825748	0.00654054759070277	1.84162054210901e-05	0.00157175678759813	0.0174418613314629	2.53614853136241e-05	0.00214967085048556	0	(Dimethyl)QVEIAQR2	[P16460:Q102]	0	0	0.0972222238779068	1	1	1	1	0.00255754473619163	0.00101214577443898	A4	2	83	QVEIAQR2	M	A42.M	A42.M
62	A4	4	(Dimethyl)DGETFQLM(UniMod:35)GLYGR2	(Dimethyl)DGETFQLM(UniMod:35)GLYGR	DGETFQLMGLYGR	2	1363	0	0	767.879089355469	A2BIM8;B5X0G2;P02762;P04938;P11588;P11589	P11589	MUP2_MOUSE	Mup2	26.5668201446533	68.8140640258789	26.5875473022461	68.7952346801758	1.01838600635529	1.05522191524506	1.01637184619904	1.05747020244598	6476.45263671875	6476.45263671875	8239.271484375	8239.271484375	7163.23046875	-0.00762939453125	1	0.555639147758484	0.00999999977648258	0	0.59024578332901	2.43172264099121	0.813379764556885	1.1228609085083	17650916	17192890	26.5028953552246	26.6147594451904	0.0632239282131195	0	0	0	0	0	0	0	0	0.00448430515825748	0.00654054759070277	1.79856106115039e-05	3.75720355805242e-06	0.0174418613314629	1.76977409864776e-05	3.75720355805242e-06	1	(Dimethyl)DGETFQLM(UniMod:35){1.000000}GLYGR2	[P11589:D128,M135]	1	0	0.0109890112653375	1	1	1	1	0.00255754473619163	0.00101214577443898	A4	2	83	DGETFQLMGLYGR2	M	A42.M	A42.M
62	A4	4	(Dimethyl)IITHPNFNGNTLDNDIM(UniMod:35)LIK(Dimethyl)3	(Dimethyl)IITHPNFNGNTLDNDIM(UniMod:35)LIK(Dimethyl)	IITHPNFNGNTLDNDIMLIK	3	4795	0	1	788.434143066406	contam_sp|P00761|TRYP_PIG	contam_sp|P00761|TRYP_PIG	Trypsin	Trypsin	26.3590393066406	65.5499877929688	26.3069763183594	65.6289978027344	0.951249957084656	0.989154875278473	0.953837335109711	0.983320713043213	60016.98046875	60016.98046875	110688.5234375	110688.5234375	112994.625	-0.0078125	1	0.916945219039917	0.821164906024933	0	0.993971765041351	4.36876153945923	0.739561259746552	4.30415725708008	16247250	16347991	26.3270778656006	26.406982421875	0.0329011492431164	0	0	0	0	0	0	0	0	0.000102140787930693	0.000102140787930693	1.63607764989138e-05	3.75720355805242e-06	0.0224032588303089	1.63607764989138e-05	3.75720355805242e-06	1	(Dimethyl)IITHPNFNGNTLDNDIM(UniMod:35){1.000000}LIK(Dimethyl)3	[contam_sp|P00761|TRYP_PIG:I78,M94,K97]	1	0	0.0109890112653375	1	1	1	1	0.00255754473619163	0.00101214577443898	A4	2	83	IITHPNFNGNTLDNDIMLIK3	M	A42.M	A42.M
62	A4	0	(Dimethyl)SINLALSYR2	(Dimethyl)SINLALSYR	SINLALSYR	2	8578	0	1	532.80859375	Q91WN4	Q91WN4	KMO_MOUSE	Kmo	25.6895351409912	54.2249526977539	25.7180328369141	54.1725959777832	0.879999995231628	0.913922309875488	0.871077358722687	0.923148334026337	1145.03015136719	1145.03015136719	670.018432617188	670.018432617188	736.020751953125	-0.0064697265625	1	0	0	0	0.870041310787201	1.1268298625946	0.242180272936821	0.493128269910812	18342274	20332392	25.6575717926025	25.7214984893799	0.0239710807800293	0	0	0	0	0	0	0	0	0.00448430515825748	0.00654054759070277	1.72413801919902e-05	1.02533222161583e-05	0.0258481428027153	2.33742812270066e-05	7.20941461622715e-05	0	(Dimethyl)SINLALSYR2	[Q91WN4:S53]	0	0	0.337837845087051	1	1	1	1	0.00255754473619163	0.00101214577443898	A4	2	83	SINLALSYR2	L	A42.L	A42.L
22	A2	4	(Dimethyl)LVGGM(UniMod:35)VSYLNDLPSQR3	(Dimethyl)LVGGM(UniMod:35)VSYLNDLPSQR	LVGGMVSYLNDLPSQR	3	6793	0	1	599.6552734375	Q9R0H0	Q9R0H0	ACOX1_MOUSE	Acox1	25.8843727111816	54.8171691894531	26.3654975891113	44.4935722351074	0.88531631231308	0.93556672334671	0.888837516307831	0.93520313501358	3706.7177734375	3706.7177734375	4622.126953125	4622.126953125	4359.12255859375	-0.00384521484375	1	0.77253270149231	0.913298904895782	0	0.95332282781601	2.4183406829834	0	0.766740024089813	36378332	36558436	25.8364315032959	25.9483051300049	0.0413326658308506	0	0	0	0	0	0	0	0	0.000182724921614863	0.000182724921614863	1.23304562293924e-05	0.000796336855273694	0.0139860138297081	2.40260760620004e-05	0.000796336855273694	1	(Dimethyl)LVGGM(UniMod:35){1.000000}VSYLNDLPSQR3	[Q9R0H0:L447,M451]	1	0	0.0246913582086563	1	1	1	1	0.00255754473619163	0.00101214577443898	A2	2	1	LVGGMVSYLNDLPSQR3	M	A22.M	A22.M
64	A5	8	(Dimethyl)LGEYGFQNAILVR2	(Dimethyl)LGEYGFQNAILVR	LGEYGFQNAILVR	2	6023	0	1	758.439208984375	P07724	P07724	ALBU_MOUSE	Alb	26.8246765136719	76.5792770385742	26.8557510375977	76.7131958007812	1.01125001907349	1.07666349411011	1.0394983291626	1.05896759033203	121.003234863281	121.003234863281	121.003234863281	121.003234863281	121.003234863281	0	1	0	0	0	0.560379207134247	2.89776158332825	0	0	12457684	12172322	26.7607517242432	26.9045810699463	0.0482375845313072	0	0	0	0	0	0	0	0	5.45839270671422e-07	5.45839270671422e-07	0.00884955748915672	2.47279922405141e-06	0.807040989398956	0.103411890566349	3.11891221826954e-06	0	(Dimethyl)LGEYGFQNAILVR2	[P07724:L422]	0	0.00793650839477777	1	1	1	1	1	0.00255754473619163	0.00101214577443898	A5	2	47	LGEYGFQNAILVR2	H	A52.H	A52.H
22	A2	0	(Dimethyl)DFTPAELR2	(Dimethyl)DFTPAELR	DFTPAELR	2	1343	0	1	488.758544921875	O55022	O55022	PGRC1_MOUSE	Pgrmc1	25.4795112609863	49.0170783996582	26.0735855102539	40.0850448608398	0.831980586051941	0.884447574615479	0.836502254009247	0.874635517597198	440.994079589844	440.994079589844	699.016235351562	699.016235351562	531.01220703125	-0.0025634765625	1	0.547312915325165	0.00999999977648258	0	0.668011486530304	2.28922939300537	0.647727787494659	0.934503316879272	35780240	34725064	25.4315166473389	25.5434341430664	0.0354016572237015	0	0	0	0	0	0	0	0	0.000942948739975691	0.000942948739975691	5.1244038331788e-05	0.0023545240983367	0.0139860138297081	7.65884833526798e-05	0.0023545240983367	0	(Dimethyl)DFTPAELR2	[O55022:D72]	0	0.0038167939055711	0.015625	1	1	1	1	0.00255754473619163	0.00101214577443898	A2	2	1	DFTPAELR2	L	A22.L	A22.L
22	A2	8	(Dimethyl)LIPDDVM(UniMod:35)TR2	(Dimethyl)LIPDDVM(UniMod:35)TR	LIPDDVMTR	2	6162	0	1	556.314086914062	Q9WTP7	Q9WTP7	KAD3_MOUSE	Ak3	24.586238861084	19.8514671325684	24.7030506134033	20.5561790466309	0.870258092880249	0.91917884349823	0.87438440322876	0.918541014194489	396.011383056641	396.011383056641	592.015808105469	592.015808105469	396.011383056641	-0.0040283203125	1	0	0	0	0.393840104341507	1.74453282356262	0	0	28554680	39950836	24.5063343048096	24.6182022094727	0.0262841451913118	0	0	0	0	0	0	0	0	0.0038167939055711	0.00673407036811113	0.00534441787749529	0.00283103855326772	0.0714285746216774	0.00534441787749529	0.00283103855326772	1	(Dimethyl)LIPDDVM(UniMod:35){1.000000}TR2	[Q9WTP7:L65,M71]	1	0	1	1	1	1	1	0.00255754473619163	0.00101214577443898	A2	2	1	LIPDDVMTR2	H	A22.H	A22.H
22	A2	8	(Dimethyl)IGAFSYGSGLAASFFSFR3	(Dimethyl)IGAFSYGSGLAASFFSFR	IGAFSYGSGLAASFFSFR	3	4660	0	1	641.006042480469	P54869	P54869	HMCS2_MOUSE	Hmgcs2	30.169641494751	110.996383666992	29.8401641845703	113.098457336426	0.982870638370514	1.0155838727951	0.974757790565491	1.02709805965424	4728.28369140625	4728.28369140625	4301.154296875	4301.154296875	4383.1572265625	-0.0020751953125	1	0.785987019538879	0.914071023464203	0	0.922072052955627	4.24818992614746	0	1.04653012752533	15980678	15325856	30.1057167053223	30.2175846099854	0.04128447920084	0	0	0	0	0	0	0	0	7.48487145756371e-05	0.000112642723252065	1.47275404742686e-05	0.000260843400610611	0.0139860138297081	2.21201589738484e-05	0.000260843400610611	0	(Dimethyl)IGAFSYGSGLAASFFSFR3	[P54869:I407]	0	0	0.025000000372529	1	1	1	1	0.00255754473619163	0.00101214577443898	A2	2	1	IGAFSYGSGLAASFFSFR3	H	A22.H	A22.H
22	A2	4	(Dimethyl)VLGTSVESIM(UniMod:35)ATEDR2	(Dimethyl)VLGTSVESIM(UniMod:35)ATEDR	VLGTSVESIMATEDR	2	10052	0	1	828.426574707031	Q8C196	Q8C196	CPSM_MOUSE	Cps1	24.9858016967773	32.8594741821289	25.5447559356689	26.3321189880371	1.07749998569489	1.09215354919434	1.06188201904297	1.10608863830566	223.630920410156	223.630920410156	824.031066894531	824.031066894531	260.013824462891	-0.00482177734375	1	0.375929236412048	0.00999999977648258	0	0	1.38558197021484	0	0.816496610641479	28646510	30644752	24.8899059295654	25.0177612304688	0.0239710807800293	0	0	0	0	0	0	0	0	5.49782489542849e-05	0.000111388508230448	1.51285930769518e-05	3.75720355805242e-06	0.0139860138297081	1.50156984091154e-05	3.75720355805242e-06	0	(Dimethyl)VLGTSVESIM(UniMod:35)ATEDR2	[Q8C196:V533,M542]	1	0.78911566734314	1	1	1	1	1	0.00255754473619163	0.00101214577443898	A2	2	1	VLGTSVESIMATEDR2	M	A22.M	A22.M
62	A4	0	(Dimethyl)SSSAPVASPNVR2	(Dimethyl)SSSAPVASPNVR	SSSAPVASPNVR	2	8814	0	1	600.322570800781	Q05920	Q05920	PYC_MOUSE	Pc	22.4326801300049	-4.2221417427063	22.4572772979736	-3.2208080291748	0.88676381111145	0.923698484897614	0.880965530872345	0.930925607681274	1698.64770507812	1698.64770507812	1204.03845214844	1204.03845214844	1061.03344726562	-0.00799560546875	1	0.490901470184326	0.00999999977648258	0	0.501148641109467	1.43204247951508	0.757443606853485	0.576086044311523	22842970	23034224	22.3847332000732	22.4806232452393	0.0440667681396008	0	0	0	0	0	0	0	0	0.00448430515825748	0.00654054759070277	0.00249999994412065	4.63462356492528e-06	0.0759577304124832	0.00458715576678514	4.92649269290268e-06	0	(Dimethyl)SSSAPVASPNVR2	[Q05920:S19]	0	0.0957446843385696	0.309352517127991	1	1	1	1	0.00255754473619163	0.00101214577443898	A4	2	83	SSSAPVASPNVR2	L	A42.L	A42.L
62	A4	4	(Dimethyl)IILDELVQR2	(Dimethyl)IILDELVQR	IILDELVQR	2	4767	0	1	565.857727050781	P17717	P17717	UDB17_MOUSE	Ugt2b17	26.394552230835	66.4783248901367	26.3910026550293	67.0148468017578	0.903530478477478	0.948160529136658	0.910722672939301	0.948120057582855	25707.392578125	25707.392578125	25334.697265625	25334.697265625	25334.697265625	-0.00628662109375	1	0.703038513660431	0.00999999977648258	0	0.864900469779968	3.685542345047	1.73890793323517	1.49009716510773	15966673	15917790	26.3466091156006	26.4584846496582	0.0293666627258062	0	0	0	0	0	0	0	0	4.48430510004982e-05	6.54054747428745e-05	1.38504155984265e-05	0.000247279909672216	0.000147058817674406	1.36287317218375e-05	0.000796336855273694	0	(Dimethyl)IILDELVQR2	[P17717:I41]	0	0.00448430515825748	0.0109890112653375	1	1	1	1	0.00255754473619163	0.00101214577443898	A4	2	83	IILDELVQR2	M	A42.M	A42.M
64	A5	8	(Dimethyl)AMGIMNSFVNDIFER2	(Dimethyl)AMGIMNSFVNDIFER	AMGIMNSFVNDIFER	2	722	0	0	890.451171875	P10853;P10854;Q64475;Q64478;Q64524;Q64525;Q6ZWY9;Q8CGP0;Q8CGP1;Q8CGP2;Q9D2U9	P10854;Q64478;Q64525;Q6ZWY9	H2B1C_MOUSE;H2B1H_MOUSE;H2B1M_MOUSE;H2B2B_MOUSE	H2bc14;H2bc18;H2bc4;H2bc9	27.4532814025879	108.550239562988	29.5776138305664	90.2892913818359	1.09369516372681	1.13919544219971	1.11139345169067	1.13600122928619	462.019989013672	462.019989013672	439.017974853516	439.017974853516	291.010864257812	0	1	0	0	0	0.497101634740829	1.78733563423157	0	0	13161426	13243201	27.4053382873535	27.5331840515137	0.0339240655303001	0	0	0	0	0	0	0	0	0.00757575780153275	0.0210805609822273	1	2.47279922405141e-06	0.67619925737381	1	3.9051874409779e-06	0	(Dimethyl)AMGIMNSFVNDIFER2	[P10854:A59];[Q64478:A59];[Q64525:A59];[Q6ZWY9:A59]	0	0.0229885056614876	1	1	1	1	1	1	0.00101214577443898	A5	2	47	AMGIMNSFVNDIFER2	H	A52.H	A52.H
62	A4	8	(Dimethyl)LTPEEIER2	(Dimethyl)LTPEEIER	LTPEEIER	2	6733	0	1	511.799133300781	P20029	P20029	BIP_MOUSE	Hspa5	23.7538452148438	20.4136810302734	23.7994499206543	19.9686908721924	0.852596700191498	0.895880460739136	0.851433157920837	0.895381808280945	3066.72729492188	3066.72729492188	3250.07421875	3250.07421875	2658.05834960938	-0.004638671875	1	0.68724524974823	0.419891059398651	0	0.870641469955444	3.46090173721313	0.462768256664276	0.819971024990082	19657550	19575264	23.6739482879639	23.8177738189697	0.0482486486434937	0	0	0	0	0	0	0	0	0.00448430515825748	0.00654054759070277	1.79856106115039e-05	0.00104112445842475	0.018229166045785	1.76977409864776e-05	0.00104112445842475	0	(Dimethyl)LTPEEIER2	[P20029:L534]	0	0.00448430515825748	0.155339807271957	1	1	1	1	0.00255754473619163	0.00101214577443898	A4	2	83	LTPEEIER2	H	A42.H	A42.H
62	A4	0	(Dimethyl)QIFLGGVDK(Dimethyl)2	(Dimethyl)QIFLGGVDK(Dimethyl)	QIFLGGVDK	2	7952	0	1	516.808044433594	P51881	P51881	ADT2_MOUSE	Slc25a5	25.3201808929443	46.2898826599121	25.3400554656982	46.3712997436523	0.838237464427948	0.880941808223724	0.838351428508759	0.884692668914795	3490.70043945312	3490.70043945312	1411.03161621094	1411.03161621094	462.012817382812	0	1	0.805363059043884	0.748961806297302	0	0	1.71732449531555	0	1.36270070075989	17347956	17644778	25.2562561035156	25.3681221008301	0.0362420715391636	0	0	0	0	0	0	0	0	0.00448430515825748	0.00654054759070277	7.07213575878995e-06	6.41848509985721e-06	0.019189765676856	1.52987104229396e-05	8.67428479978116e-06	0	(Dimethyl)QIFLGGVDK(Dimethyl)2	[P51881:Q97,K105]	0	0.0724547132849693	0.0204081628471613	1	1	1	1	0.00255754473619163	0.00101214577443898	A4	2	83	QIFLGGVDK2	L	A42.L	A42.L
22	A2	0	(Dimethyl)VVLPM(UniMod:35)ELPIR2	(Dimethyl)VVLPM(UniMod:35)ELPIR	VVLPMELPIR	2	10512	0	1	605.865051269531	P00405	P00405	COX2_MOUSE	Mtco2	27.1470394134521	69.8126373291016	27.2812728881836	70.2771377563477	0.921010851860046	0.9638592004776	0.916884183883667	0.965924620628357	4163.32861328125	4163.32861328125	4646.12451171875	4646.12451171875	4585.11962890625	-0.00091552734375	1	0.782280087471008	0.00999999977648258	0	0.959073305130005	3.09843397140503	0	0.834367394447327	19701376	19900918	27.0990982055664	27.210973739624	0.0405842512845993	0	0	0	0	0	0	0	0	7.72564760609384e-07	7.72564760609384e-07	1.79856106115039e-05	0.000796336855273694	0.000185904369573109	1.76977409864776e-05	0.000796336855273694	1	(Dimethyl)VVLPM(UniMod:35){1.000000}ELPIR2	[P00405:V142,M146]	1	0.0038167939055711	0.015625	1	1	1	1	0.00255754473619163	0.00101214577443898	A2	2	1	VVLPMELPIR2	L	A22.L	A22.L
22	A2	8	(Dimethyl)LSSPATLNSR2	(Dimethyl)LSSPATLNSR	LSSPATLNSR	2	6667	0	1	541.323303222656	contam_sp|P00761|TRYP_PIG	contam_sp|P00761|TRYP_PIG	Trypsin	Trypsin	23.9949321746826	7.62250661849976	24.201545715332	7.92696714401245	0.836250007152557	0.891705811023712	0.841611921787262	0.890156209468842	15207.615234375	15207.615234375	15722.333984375	15722.333984375	15744.3349609375	-0.00201416015625	1	0.731152415275574	0.00999999977648258	0	0.895534038543701	4.12826633453369	0	0.942090094089508	40248788	40322160	23.9309997558594	24.05885887146	0.0521531999111176	0	0	0	0	0	0	0	0	1.50000005305628e-07	1.50000005305628e-07	1.51285930769518e-05	0.0023545240983367	0.000139860145282	1.50156984091154e-05	0.0023545240983367	0	(Dimethyl)LSSPATLNSR2	[contam_sp|P00761|TRYP_PIG:L98]	0	0.0038167939055711	0.025000000372529	1	1	1	1	0.00255754473619163	0.00101214577443898	A2	2	1	LSSPATLNSR2	H	A22.H	A22.H
22	A2	4	(Dimethyl)IVLQIDNAR2	(Dimethyl)IVLQIDNAR	IVLQIDNAR	2	5250	0	0	537.334411621094	P05784;P19001	P05784	K1C18_MOUSE	Krt18	25.7689533233643	42.3432426452637	25.8496379852295	42.3453788757324	0.880975306034088	0.92451673746109	0.882546901702881	0.92391312122345	2008.45849609375	2008.45849609375	2574.0595703125	2574.0595703125	1981.04150390625	-0.001220703125	1	0.771982908248901	0.00999999977648258	0	0.96713787317276	3.02745389938354	0	0.746902465820312	37086184	36864368	25.7050285339355	25.8168983459473	0.0413418523967266	0	0	0	0	0	0	0	0	3.81679383281153e-05	0.000112642723252065	1.79856106115039e-05	1.75456370925531e-05	0.000139860145282	1.76977409864776e-05	1.34212777993525e-05	0	(Dimethyl)IVLQIDNAR2	[P05784:I143]	0	0	0.0246913582086563	1	1	1	1	0.00255754473619163	0.00101214577443898	A2	2	1	IVLQIDNAR2	M	A22.M	A22.M
62	A4	8	(Dimethyl)IDTIEIITDR2	(Dimethyl)IDTIEIITDR	IDTIEIITDR	2	4566	0	1	612.865051269531	O88569	O88569	ROA2_MOUSE	Hnrnpa2b1	26.3803462982178	65.6885452270508	26.332160949707	66.516845703125	0.928333342075348	0.966013789176941	0.921967566013336	0.968654334545135	1895.09240722656	1895.09240722656	2400.08032226562	2400.08032226562	1904.05737304688	-0.0067138671875	1	0.412314593791962	0.00999999977648258	0	0.126409262418747	1.55728030204773	0	0.613501131534576	16347991	15966673	26.3324031829834	26.444278717041	0.0322520323097706	0	0	0	0	0	0	0	0	0.00448430515825748	0.00654054759070277	1.72413801919902e-05	2.29042598220985e-06	0.0224032588303089	2.33742812270066e-05	5.44242811884033e-06	0	(Dimethyl)IDTIEIITDR2	[O88569:I138]	0	0	0.244755238294601	1	1	1	1	0.00255754473619163	0.00101214577443898	A4	2	83	IDTIEIITDR2	H	A42.H	A42.H
64	A5	0	(Dimethyl)FLEEATR2	(Dimethyl)FLEEATR	FLEEATR	2	3180	0	1	447.239990234375	Q8C196	Q8C196	CPSM_MOUSE	Cps1	22.9569072723389	5.01473236083984	22.9747066497803	6.21996021270752	0.797342121601105	0.854422569274902	0.807865262031555	0.8536257147789	17698.353515625	17698.353515625	310.007232666016	310.007232666016	310.007232666016	-0.001434326171875	1	0.656707048416138	0.183111429214478	0	0.0499891266226768	1.75179731845856	0.844451725482941	0.293555557727814	18833976	18531298	22.8929843902588	23.0048503875732	0.0344001278281212	0	0	0	0	0	0	0	0	0.00757575780153275	0.0210805609822273	1.23304562293924e-05	0.00302840443328023	0.452702701091766	2.40260760620004e-05	0.0063594663515687	0	(Dimethyl)FLEEATR2	[Q8C196:F1151]	0	0.0891472846269608	0.222222223877907	1	1	1	1	0.00255754473619163	0.00101214577443898	A5	2	47	FLEEATR2	L	A52.L	A52.L
22	A2	4	(Dimethyl)LIPDDVM(UniMod:35)TR2	(Dimethyl)LIPDDVM(UniMod:35)TR	LIPDDVMTR	2	6162	0	1	554.304443359375	Q9WTP7	Q9WTP7	KAD3_MOUSE	Ak3	24.586238861084	19.8514671325684	24.7030506134033	20.5561790466309	0.870258092880249	0.91917884349823	0.87438440322876	0.918541014194489	34.0500259399414	34.0500259399414	272.007904052734	272.007904052734	73.0022659301758	0	1	0.413745671510696	0.00999999977648258	0	0.423506557941437	1.12576198577881	0	0.272552758455276	28554680	39950836	24.5063343048096	24.6182022094727	0.0262841451913118	0	0	0	0	0	0	0	0	0.00378787890076637	0.00673407036811113	0.00534441787749529	0.00283103855326772	0.0597402602434158	0.00534441787749529	0.00283103855326772	1	(Dimethyl)LIPDDVM(UniMod:35){1.000000}TR2	[Q9WTP7:L65,M71]	1	0.013377926312387	1	1	1	1	1	0.00255754473619163	0.00101214577443898	A2	2	1	LIPDDVMTR2	M	A22.M	A22.M
62	A4	4	(Dimethyl)IAPLEEGM(UniMod:35)LPFNLAEAQR3	(Dimethyl)IAPLEEGM(UniMod:35)LPFNLAEAQR	IAPLEEGMLPFNLAEAQR	3	4509	0	1	683.032531738281	Q9QXX4	Q9QXX4	S2513_MOUSE	Slc25a13	28.0460586547852	92.2407302856445	27.9871597290039	92.8207168579102	0.966360449790955	1.00761592388153	0.97139710187912	1.00464820861816	3119.87744140625	3119.87744140625	3355.10620117188	3355.10620117188	2838.08862304688	-0.0067138671875	1	0.704551875591278	0.588943362236023	0	0.364163756370544	2.48504209518433	0	1.19206428527832	14837735	14706368	27.9821357727051	28.0940017700195	0.0550627633929253	0	0	0	0	0	0	0	0	0.00448430515825748	0.00654054759070277	1.11607141661807e-05	0.000796336855273694	0.0392156876623631	2.28436820179923e-05	0.000796336855273694	1	(Dimethyl)IAPLEEGM(UniMod:35){1.000000}LPFNLAEAQR3	[Q9QXX4:I293,M300]	1	0	0.0109890112653375	1	1	1	1	0.00255754473619163	0.00101214577443898	A4	2	83	IAPLEEGMLPFNLAEAQR3	M	A42.M	A42.M
62	A4	0	(Dimethyl)EFVEAVLELR2	(Dimethyl)EFVEAVLELR	EFVEAVLELR	2	2217	0	1	616.847900390625	Q9QZQ8	Q9QZQ8	H2AY_MOUSE	Macroh2a1	27.6110210418701	87.9648742675781	27.5970191955566	88.4148559570312	0.941249966621399	0.979804396629333	0.944064795970917	0.982540488243103	199.005493164062	199.005493164062	356.0107421875	356.0107421875	199.005493164062	-0.00244140625	1	0	0	0	0.47204652428627	2.42386031150818	0	0	15557222	15208985	27.5630779266357	27.6429824829102	0.0239725112915039	0	0	0	0	0	0	0	0	0.00448430515825748	0.00654054759070277	1.79856106115039e-05	2.47279922405141e-06	0.0174418613314629	0.00234466581605375	3.11891221826954e-06	0	(Dimethyl)EFVEAVLELR2	[Q9QZQ8:E237]	0	0.0194871798157692	1	1	1	1	1	0.00255754473619163	0.00101214577443898	A4	2	83	EFVEAVLELR2	L	A42.L	A42.L
62	A4	8	(Dimethyl)LVGGM(UniMod:35)VSYLNDLPSQR3	(Dimethyl)LVGGM(UniMod:35)VSYLNDLPSQR	LVGGMVSYLNDLPSQR	3	6793	0	1	600.995056152344	Q9R0H0	Q9R0H0	ACOX1_MOUSE	Acox1	25.6930866241455	54.8171691894531	25.7179355621338	54.2263488769531	0.895681500434875	0.93556672334671	0.893801510334015	0.941221237182617	2872.64038085938	2872.64038085938	5033.140625	5033.140625	3562.09594726562	-0.0068359375	1	0.768184423446655	0.725048005580902	0	0.660450339317322	2.62393474578857	0.89197850227356	0.991231441497803	18342274	20332392	25.6451454162598	25.7729911804199	0.0376461520791054	0	0	0	0	0	0	0	0	0.00448430515825748	0.00654054759070277	1.23304562293924e-05	0.000796336855273694	0.0258481428027153	2.40260760620004e-05	0.000796336855273694	1	(Dimethyl)LVGGM(UniMod:35){1.000000}VSYLNDLPSQR3	[Q9R0H0:L447,M451]	1	0.00448430515825748	0.125	1	1	1	1	0.00255754473619163	0.00101214577443898	A4	2	83	LVGGMVSYLNDLPSQR3	H	A42.H	A42.H
64	A5	0	(Dimethyl)LGEHNIDVLEGNEQFINAAK(Dimethyl)3	(Dimethyl)LGEHNIDVLEGNEQFINAAK(Dimethyl)	LGEHNIDVLEGNEQFINAAK	3	6015	0	1	756.393737792969	contam_sp|P00761|TRYP_PIG	contam_sp|P00761|TRYP_PIG	Trypsin	Trypsin	25.8497982025146	56.3450775146484	25.7491664886475	58.4690818786621	0.902661085128784	0.954210996627808	0.902341067790985	0.957808911800385	3752.09619140625	3752.09619140625	1507.03442382812	1507.03442382812	1507.03442382812	-0.000244140625	1	0	0	0	0.894500553607941	3.66939568519592	0	3.88725137710571	11677157	11698280	25.8018550872803	25.8977432250977	0.0425687655806541	0	0	0	0	0	0	0	0	0.00793650839477777	0.0117739038541913	1.17002900879015e-05	6.41848509985721e-06	0.139534890651703	5.80406631343067e-05	8.67428479978116e-06	0	(Dimethyl)LGEHNIDVLEGNEQFINAAK(Dimethyl)3	[contam_sp|P00761|TRYP_PIG:L58,K77]	0	0	0.0769230797886848	1	1	1	1	0.00255754473619163	0.00101214577443898	A5	2	47	LGEHNIDVLEGNEQFINAAK3	L	A52.L	A52.L
22	A2	0	(Dimethyl)LTPEEIER2	(Dimethyl)LTPEEIER	LTPEEIER	2	6733	0	1	507.776947021484	P20029	P20029	BIP_MOUSE	Hspa5	24.6324081420898	20.4136810302734	24.8346939086914	14.8535242080688	0.842455327510834	0.895880460739136	0.854544281959534	0.894087314605713	2674.06469726562	2674.06469726562	2740.06689453125	2740.06689453125	2633.06494140625	-0.003509521484375	1	0.66729748249054	0.00999999977648258	0	0.855771124362946	1.5774073600769	0	0.919599711894989	28373376	31700930	24.5524997711182	24.6803665161133	0.0460386201739311	0	0	0	0	0	0	0	0	0.00210673524998128	0.00210673524998128	1.79856106115039e-05	0.00104112445842475	0.0281690135598183	1.76977409864776e-05	0.00104112445842475	0	(Dimethyl)LTPEEIER2	[P20029:L534]	0	0	0.015625	1	1	1	1	0.00255754473619163	0.00101214577443898	A2	2	1	LTPEEIER2	L	A22.L	A22.L
62	A4	8	(Dimethyl)SQFTITPGSEQIR2	(Dimethyl)SQFTITPGSEQIR	SQFTITPGSEQIR	2	8764	0	1	750.415954589844	Q99KI0	Q99KI0	ACON_MOUSE	Aco2	24.6791286468506	37.1449203491211	24.7357807159424	35.9370231628418	0.989113628864288	1.02470624446869	0.987306416034698	1.02886557579041	147.005767822266	147.005767822266	375.015319824219	375.015319824219	0	0	1	0	0	0	0	2.44689321517944	0	0	17884094	18396996	24.6151962280273	24.7270793914795	0.0448979921638966	0	0	0	0	0	0	0	0	0.00448430515825748	0.00654054759070277	0.00076628354145214	0.000812567712273449	0.14974619448185	0.0919455662369728	0.000812567712273449	0	(Dimethyl)SQFTITPGSEQIR2	[Q99KI0:S412]	0	0.00448430515825748	1	1	1	1	1	0.00255754473619163	0.00101214577443898	A4	2	83	SQFTITPGSEQIR2	H	A42.H	A42.H
22	A2	0	(Dimethyl)DQEGQDVLLFIDNIFR2	(Dimethyl)DQEGQDVLLFIDNIFR	DQEGQDVLLFIDNIFR	2	1733	0	1	975.502014160156	P56480	P56480	ATPB_MOUSE	Atp5f1b	52.161247253418	129.03205871582	52.2206802368164	127.117164611816	1.16394650936127	1.178870677948	1.12365555763245	1.17973053455353	4335.22802734375	4335.22802734375	4142.2138671875	4142.2138671875	3593.18920898438	-0.00323486328125	1	0	0	0	0.802795350551605	1.43546497821808	0.667296946048737	1.15591943264008	19766250	19537402	52.0653533935547	52.2251777648926	0.0342181511223316	0	0	0	0	0	0	0	0	0.000629401591140777	0.000629401591140777	0.00121506687719375	3.40831638823147e-06	0.218702867627144	0.00121506687719375	3.85598013963317e-06	0	(Dimethyl)DQEGQDVLLFIDNIFR2	[P56480:D295]	0	0.0315126068890095	0.015625	1	1	1	1	0.00255754473619163	0.00101214577443898	A2	2	1	DQEGQDVLLFIDNIFR2	L	A22.L	A22.L
62	A4	8	(Dimethyl)LIEPNTAVTR2	(Dimethyl)LIEPNTAVTR	LIEPNTAVTR	2	6136	0	1	575.354614257812	Q9DCU9	Q9DCU9	HOGA1_MOUSE	Hoga1	23.4697132110596	15.6672916412354	23.5454216003418	15.6447505950928	0.898749947547913	0.935939013957977	0.894655466079712	0.942054748535156	64.0024642944336	64.0024642944336	342.008636474609	342.008636474609	64.0024642944336	0	1	0	0	0	0	1.62196898460388	0	0	20834512	20702172	23.4537334442139	23.5336437225342	0.0239696502685547	0	0	0	0	0	0	0	0	0.00448430515825748	0.00654054759070277	1.51285930769518e-05	0.00104112445842475	0.000147058817674406	1.50156984091154e-05	0.00187499995809048	0	(Dimethyl)LIEPNTAVTR2	[Q9DCU9:L266]	0	0.0186403505504131	1	1	1	1	1	0.00255754473619163	0.00101214577443898	A4	2	83	LIEPNTAVTR2	H	A42.H	A42.H
62	A4	0	(Dimethyl)ESLSGQAAAR2	(Dimethyl)ESLSGQAAAR	ESLSGQAAAR	2	2679	0	1	509.269805908203	Q9CR68	Q9CR68	UCRI_MOUSE	Uqcrfs1	21.6122379302979	-17.7917003631592	21.7082748413086	-17.4492607116699	0.84375	0.871917128562927	0.8258016705513	0.891578316688538	606.014343261719	606.014343261719	1284.0263671875	1284.0263671875	453.010223388672	-0.00421142578125	1	0	0	0	0.221586853265762	1.39685440063477	0.784670948982239	0.971734166145325	19784546	19948956	21.5962543487549	21.69215965271	0.0239782333374023	0	0	0	0	0	0	0	0	0.00448430515825748	0.00654054759070277	0.000190054444829002	0.0023545240983367	0.0174418613314629	0.000206507960683666	0.00359023455530405	0	(Dimethyl)ESLSGQAAAR2	[Q9CR68:E53]	0	0.00856531038880348	0.111111111938953	1	1	1	1	0.00255754473619163	0.00101214577443898	A4	2	83	ESLSGQAAAR2	L	A42.L	A42.L
62	A4	0	(Dimethyl)IISTTNGGQER2	(Dimethyl)IISTTNGGQER	IISTTNGGQER	2	4792	0	1	602.320007324219	Q8BW75	Q8BW75	AOFB_MOUSE	Maob	21.6335506439209	-17.7891159057617	21.7315826416016	-17.460657119751	0.906877994537354	0.939114212989807	0.899669706821442	0.950395107269287	1840.11389160156	1840.11389160156	2106.06372070312	2106.06372070312	1838.05395507812	-0.00421142578125	1	0.727680504322052	0.00999999977648258	0	0.958349347114563	2.67864513397217	0	0.935925424098969	19948956	19884206	21.5856018066406	21.6815052032471	0.0406397841870785	0	0	0	0	0	0	0	0	0.00448430515825748	0.00654054759070277	1.79856106115039e-05	0.000229042605496943	0.018229166045785	1.76977409864776e-05	0.00214967085048556	0	(Dimethyl)IISTTNGGQER2	[Q8BW75:I198]	0	0.0130718955770135	0.0740740746259689	1	1	1	1	0.00255754473619163	0.00101214577443898	A4	2	83	IISTTNGGQER2	L	A42.L	A42.L
62	A4	0	(Dimethyl)LNDFASAVR2	(Dimethyl)LNDFASAVR	LNDFASAVR	2	6443	0	1	510.777282714844	P12787	P12787	COX5A_MOUSE	Cox5a	24.1693782806396	27.4956169128418	24.2082786560059	27.4844303131104	0.866250038146973	0.904523551464081	0.865630805492401	0.906831204891205	668.63427734375	668.63427734375	1350.02990722656	1350.02990722656	610.015625	-0.0067138671875	1	0.702652394771576	0.00999999977648258	0	0.962352395057678	2.63541579246521	0	0.560103356838226	19887734	19607374	24.1374168395996	24.2333011627197	0.0239710807800293	0	0	0	0	0	0	0	0	0.00448430515825748	0.00654054759070277	9.19112862902693e-05	0.00302840443328023	0.0258481428027153	9.08541915123351e-05	0.00350792310200632	0	(Dimethyl)LNDFASAVR2	[P12787:L95]	0	0.0130718955770135	0.309352517127991	1	1	1	1	0.00255754473619163	0.00101214577443898	A4	2	83	LNDFASAVR2	L	A42.L	A42.L
62	A4	8	(Dimethyl)VGVPTETGALTLNR3	(Dimethyl)VGVPTETGALTLNR	VGVPTETGALTLNR	3	9843	0	1	488.625152587891	Q8BWT1	Q8BWT1	THIM_MOUSE	Acaa2	25.2562561035156	45.2657661437988	25.2170391082764	45.9734268188477	0.824478685855865	0.872496664524078	0.826008856296539	0.870631814002991	2368.255859375	2368.255859375	3390.06958007812	3390.06958007812	2715.05029296875	-0.00311279296875	1	0.757297694683075	0.933399498462677	0	0.956693053245544	2.06225538253784	0.312568724155426	0.912991464138031	17332414	16998090	25.2242946624756	25.3201808929443	0.0415677055716515	0	0	0	0	0	0	0	0	4.48430510004982e-05	6.54054747428745e-05	0.000695894239470363	3.11891221826954e-06	0.0893854722380638	0.000695894239470363	3.11891221826954e-06	0	(Dimethyl)VGVPTETGALTLNR3	[Q8BWT1:V77]	0	0.131751641631126	0.0793650820851326	1	1	1	1	0.00255754473619163	0.00101214577443898	A4	2	83	VGVPTETGALTLNR3	H	A42.H	A42.H
64	A5	8	(Dimethyl)TILTTEDR2	(Dimethyl)TILTTEDR	TILTTEDR	2	9138	0	1	492.791290283203	P97872	P97872	FMO5_MOUSE	Fmo5	22.9906444549561	6.44283533096313	23.0234985351562	6.37549257278442	0.833750009536743	0.86955189704895	0.829218029975891	0.890811622142792	332.008056640625	332.008056640625	332.008056640625	332.008056640625	332.008056640625	-0.002899169921875	1	0	0	0	0.792957901954651	2.32616496086121	0	0.229655936360359	18385030	18655520	22.958683013916	23.0226154327393	0.0239696502685547	0	0	0	0	0	0	0	0	0.00757575780153275	0.0210805609822273	1.79856106115039e-05	0.00157175678759813	0.139534890651703	1.76977409864776e-05	0.00210084044374526	0	(Dimethyl)TILTTEDR2	[P97872:T487]	0	0.0229885056614876	1	1	1	1	1	0.00255754473619163	0.00101214577443898	A5	2	47	TILTTEDR2	H	A52.H	A52.H
64	A5	4	(Dimethyl)ISGLIYEETR2	(Dimethyl)ISGLIYEETR	ISGLIYEETR	2	5139	0	1	606.84228515625	P62806	P62806	H4_MOUSE	H4c1	24.6102981567383	41.7863121032715	24.9192657470703	35.5687980651855	0.884063065052032	0.966234385967255	0.903094172477722	0.930768072605133	0	0	70.0024032592773	70.0024032592773	0	0	1	0	0	0	0	2.8230926990509	0	0	13606150	13634260	24.5623550415039	24.674222946167	0.0533789657056332	0	0	0	0	0	0	0	0	0.00793650839477777	0.0154437273740768	1.79856106115039e-05	0.000812567712273449	0.147540986537933	1.76977409864776e-05	0.000812567712273449	0	(Dimethyl)ISGLIYEETR2	[P62806:I47]	0	0	1	1	1	1	1	0.00255754473619163	0.00101214577443898	A5	2	47	ISGLIYEETR2	M	A52.M	A52.M
22	A2	0	(Dimethyl)DADPILR2	(Dimethyl)DADPILR	DADPILR	2	1176	0	1	414.234710693359	Q8C196	Q8C196	CPSM_MOUSE	Cps1	24.9165534973145	23.7846851348877	24.8814544677734	24.4967575073242	0.761342167854309	0.815496385097504	0.770700752735138	0.819439351558685	2794.84985351562	2794.84985351562	990.015380859375	990.015380859375	641.009155273438	-0.00286865234375	1	0.635966956615448	0.371877521276474	0	0.299739629030228	2.4617292881012	0	0.298550605773926	29225276	27225414	24.8845806121826	24.9964561462402	0.0579839125275612	0	0	0	0	0	0	0	0	0.0031789462082088	0.0031789462082088	3.86100400646683e-05	0.0023545240983367	0.0348101258277893	7.01190874679014e-05	0.00359023455530405	0	(Dimethyl)DADPILR2	[Q8C196:D1320]	0	0.0038167939055711	0.211538463830948	1	1	1	1	0.00255754473619163	0.00101214577443898	A2	2	1	DADPILR2	L	A22.L	A22.L
62	A4	4	(Dimethyl)FDGALNVDLTEFQTNLVPYPR3	(Dimethyl)FDGALNVDLTEFQTNLVPYPR	FDGALNVDLTEFQTNLVPYPR	3	2983	0	0	814.426452636719	P05213;P05214;P68368;P68369;P68373;Q9JJZ2	P68368	TBA4A_MOUSE	Tuba4a	29.2376346588135	106.01097869873	29.1569633483887	106.442916870117	0.98324716091156	1.02381443977356	0.987530589103699	1.02401626110077	275.008819580078	275.008819580078	354.011840820312	354.011840820312	211.005935668945	-0.00244140625	1	0	0	0	0.355013936758041	2.04197764396667	0	0.884384393692017	15159052	14939123	29.1896915435791	29.2695980072021	0.0367260165512562	0	0	0	0	0	0	0	0	0.00448430515825748	0.00654054759070277	0.00534441787749529	0.00457153981551528	0.161415413022041	0.133420541882515	0.029192291200161	0	(Dimethyl)FDGALNVDLTEFQTNLVPYPR3	[P68368:F244]	0	0	0.0683760717511177	1	1	1	1	0.00255754473619163	0.00101214577443898	A4	2	83	FDGALNVDLTEFQTNLVPYPR3	M	A42.M	A42.M
62	A4	4	(Dimethyl)ALTSFER2	(Dimethyl)ALTSFER	ALTSFER	2	672	0	1	428.247253417969	Q8BMS1	Q8BMS1	ECHA_MOUSE	Hadha	23.5585041046143	16.6608867645264	23.5904655456543	16.2276268005371	0.813378393650055	0.85740339756012	0.816211700439453	0.856116235256195	719.193603515625	719.193603515625	3588.08935546875	3588.08935546875	2334.0654296875	-0.0035400390625	1	0.668394446372986	0.333791643381119	0	0.737484693527222	3.219731092453	1.06123447418213	1.16077697277069	23909866	22325598	23.510555267334	23.6224308013916	0.0392005555331707	0	0	0	0	0	0	0	0	0.00448430515825748	0.00654054759070277	5.25752402609214e-05	0.0023545240983367	0.000147058817674406	5.19929853908252e-05	0.00359023455530405	0	(Dimethyl)ALTSFER2	[Q8BMS1:A416]	0	0	0.0109890112653375	1	1	1	1	0.00255754473619163	0.00101214577443898	A4	2	83	ALTSFER2	M	A42.M	A42.M
64	A5	0	(Dimethyl)VQEEIDR2	(Dimethyl)VQEEIDR	VQEEIDR	2	10278	0	0	458.740356445312	P33267;Q64458	P33267	CP2F2_MOUSE	Cyp2f2	21.6623249053955	-15.5906181335449	22.1874141693115	-13.6446180343628	0.796249985694885	0.846942901611328	0.791108667850494	0.852966547012329	80.001838684082	80.001838684082	486.009124755859	486.009124755859	0	0	1	0	0	0	0.300435781478882	1.79374670982361	0	0.186767667531967	17114862	16213612	21.6143836975098	21.7422313690186	0.0299639701843262	0	0	0	0	0	0	0	0	0.00757575780153275	0.0210805609822273	0.00249999994412065	0.0023545240983367	0.139534890651703	0.00249999994412065	0.00440273433923721	0	(Dimethyl)VQEEIDR2	[P33267:V324]	0	0.0416666679084301	1	1	1	1	1	0.00255754473619163	0.00101214577443898	A5	2	47	VQEEIDR2	L	A52.L	A52.L
62	A4	0	(Dimethyl)ATDFVVDR2	(Dimethyl)ATDFVVDR	ATDFVVDR	2	945	0	1	475.750732421875	P54071	P54071	IDHP_MOUSE	Idh2	23.7360877990723	19.6410293579102	23.7224674224854	20.0478229522705	0.814895272254944	0.866805672645569	0.824261367321014	0.859236240386963	1474.03271484375	1474.03271484375	1255.02661132812	1255.02661132812	1217.02673339844	-0.005126953125	1	0	0	0	0.229261294007301	1.73327159881592	0	0.627556979656219	19656766	19657550	23.6881465911865	23.7840309143066	0.042023129761219	0	0	0	0	0	0	0	0	0.00448430515825748	0.00654054759070277	0.0163094121962786	2.16280386666767e-05	0.0258481428027153	0.0380658432841301	0.00187499995809048	0	(Dimethyl)ATDFVVDR2	[P54071:A181]	0	0	0.25	1	1	1	1	0.00255754473619163	0.00101214577443898	A4	2	83	ATDFVVDR2	L	A42.L	A42.L
22	A2	8	(Dimethyl)NLPVGEAGR2	(Dimethyl)NLPVGEAGR	NLPVGEAGR	2	7499	0	1	474.786346435547	P24270	P24270	CATA_MOUSE	Cat	24.1671733856201	7.90453195571899	24.2040634155273	9.38834762573242	0.807159721851349	0.854521811008453	0.803864896297455	0.855256080627441	1326.81335449219	1326.81335449219	1398.02819824219	1398.02819824219	1324.02844238281	-0.002532958984375	1	0.621212124824524	0.00999999977648258	0	0.786805272102356	2.05142021179199	0	0.847729504108429	39853208	30774514	24.1511917114258	24.2151145935059	0.0423093140125275	0	0	0	0	0	0	0	0	0.00378787890076637	0.0086880149319768	1.79856106115039e-05	0.00157175678759813	0.0281690135598183	1.76977409864776e-05	0.00157175678759813	0	(Dimethyl)NLPVGEAGR2	[P24270:N244]	0	0.0167597774416208	0.025000000372529	1	1	1	1	0.00255754473619163	0.00101214577443898	A2	2	1	NLPVGEAGR2	H	A22.H	A22.H
62	A4	0	(Dimethyl)FSTVTGESGSADTVR3	(Dimethyl)FSTVTGESGSADTVR	FSTVTGESGSADTVR	3	3311	0	1	514.586242675781	P24270	P24270	CATA_MOUSE	Cat	23.1785011291504	11.2512626647949	23.2773685455322	9.43059921264648	0.847911238670349	0.89142256975174	0.849943399429321	0.894427061080933	259.006134033203	259.006134033203	0	0	0	0	1	0	0	0	0	0.573083937168121	0	0	20637422	20564542	23.1305599212646	23.2264461517334	0.0511171258985996	0	0	0	0	0	0	0	0	0.000116697417979594	0.000116697417979594	0.00974025949835777	0.000893335731234401	0.000147058817674406	0.00974025949835777	0.000893335731234401	0	(Dimethyl)FSTVTGESGSADTVR3	[P24270:F113]	0	0.372249394655228	1	1	1	1	1	0.00255754473619163	0.00101214577443898	A4	2	83	FSTVTGESGSADTVR3	L	A42.L	A42.L
62	A4	4	(Dimethyl)EAYPGDVFYLHSR2	(Dimethyl)EAYPGDVFYLHSR	EAYPGDVFYLHSR	2	2076	0	1	793.401000976562	Q03265	Q03265	ATPA_MOUSE	Atp5f1a	25.1763401031494	44.7386589050293	25.1659774780273	44.518985748291	1.04390835762024	1.08397507667542	1.05556619167328	1.07775962352753	1890.92626953125	1890.92626953125	6852.263671875	6852.263671875	1779.05212402344	-0.00909423828125	1	0.365756839513779	0.00999999977648258	0	0.104513190686703	3.71665143966675	0	0.462382942438126	17227326	16538073	25.1603603363037	25.2722358703613	0.0401410646736622	0	0	0	0	0	0	0	0	1.38888635774492e-05	1.38888635774492e-05	0.00138504151254892	2.47279922405141e-06	0.060810811817646	0.00138504151254892	3.11891221826954e-06	0	(Dimethyl)EAYPGDVFYLHSR2	[Q03265:E335]	0	0.00448430515825748	0.269841283559799	1	1	1	1	0.00255754473619163	0.00101214577443898	A4	2	83	EAYPGDVFYLHSR2	M	A42.M	A42.M
22	A2	4	(Dimethyl)IGAFSYGSGLAASFFSFR3	(Dimethyl)IGAFSYGSGLAASFFSFR	IGAFSYGSGLAASFFSFR	3	4660	0	1	639.666259765625	P54869	P54869	HMCS2_MOUSE	Hmgcs2	30.1856212615967	110.996383666992	29.8401641845703	113.128593444824	0.982203543186188	1.0155838727951	0.974757790565491	1.02715468406677	1040.666015625	1040.666015625	1893.07092285156	1893.07092285156	1060.04113769531	-0.00396728515625	1	0.609979569911957	0.00999999977648258	0	0.772728741168976	3.82213473320007	0	0.823030412197113	15325856	14681566	30.1057167053223	30.2175846099854	0.0634904876351357	0	0	0	0	0	0	0	0	7.48487145756371e-05	0.000111388508230448	1.47275404742686e-05	0.000260843400610611	0.0139860138297081	2.21201589738484e-05	0.000260843400610611	0	(Dimethyl)IGAFSYGSGLAASFFSFR3	[P54869:I407]	0	0.0038167939055711	0.0140845067799091	1	1	1	1	0.00255754473619163	0.00101214577443898	A2	2	1	IGAFSYGSGLAASFFSFR3	M	A22.M	A22.M
62	A4	8	(Dimethyl)FVTVQTISGTGALR2	(Dimethyl)FVTVQTISGTGALR	FVTVQTISGTGALR	2	3366	0	1	743.444519042969	P05202	P05202	AATM_MOUSE	Got2	25.6060810089111	52.935375213623	25.6706924438477	53.2849540710449	0.989968717098236	1.04289305210114	1.00946748256683	1.02791607379913	113.003105163574	113.003105163574	2146.07861328125	2146.07861328125	0	0	1	0	0	0	0	3.63520979881287	0	0.0145233124494553	18418888	17440868	25.5581378936768	25.6540222167969	0.0376155786216259	0	0	0	0	0	0	0	0	0.000100683639175259	0.000100683639175259	1.79856106115039e-05	2.47279922405141e-06	0.068723700940609	1.76977409864776e-05	3.11891221826954e-06	0	(Dimethyl)FVTVQTISGTGALR2	[P05202:F126]	0	0.00448430515825748	1	1	1	1	1	0.00255754473619163	0.00101214577443898	A4	2	83	FVTVQTISGTGALR2	H	A42.H	A42.H
62	A4	4	(Dimethyl)LM(UniMod:35)ITGAAPVSATVLTFLR3	(Dimethyl)LM(UniMod:35)ITGAAPVSATVLTFLR	LMITGAAPVSATVLTFLR	3	6426	0	1	637.04248046875	P41216	P41216	ACSL1_MOUSE	Acsl1	29.6744613647461	109.569427490234	29.8313541412354	108.802680969238	0.981129109859467	1.01014840602875	0.975116431713104	1.02349460124969	1188.17651367188	1188.17651367188	3071.11328125	3071.11328125	2600.09545898438	-0.00433349609375	1	0.700301587581635	0.387520313262939	0	0.813258111476898	3.37485480308533	0	0.89526754617691	13276749	13215902	29.6424942016602	29.7383823394775	0.0278732031583786	0	0	0	0	0	0	0	0	0.00448430515825748	0.00654054759070277	1.47275404742686e-05	0.000796336855273694	0.0691340789198875	2.21201589738484e-05	0.000796336855273694	1	(Dimethyl)LM(UniMod:35){1.000000}ITGAAPVSATVLTFLR3	[P41216:L431,M432]	1	0.0130718955770135	0.0384615398943424	1	1	1	1	0.00255754473619163	0.00101214577443898	A4	2	83	LMITGAAPVSATVLTFLR3	M	A42.M	A42.M
62	A4	4	(Dimethyl)STTFSTNYR2	(Dimethyl)STTFSTNYR	STTFSTNYR	2	8839	0	1	554.7822265625	P05784	P05784	K1C18_MOUSE	Krt18	22.9085826873779	4.70624876022339	22.8976554870605	5.8439769744873	0.85874992609024	0.90261447429657	0.859000980854034	0.903723657131195	5085.98046875	5085.98046875	3530.08764648438	3530.08764648438	3459.08764648438	-0.0042724609375	1	0.69917505979538	0.989450514316559	0	0.787001609802246	2.19396805763245	0.450593739748001	0.884357571601868	19718920	20910392	22.8446521759033	22.9405460357666	0.0239696502685547	0	0	0	0	0	0	0	0	0.00448430515825748	0.00654054759070277	0.00138504151254892	0.0023545240983367	0.0174418613314629	0.00138504151254892	0.00334199774079025	0	(Dimethyl)STTFSTNYR2	[P05784:S7]	0	0	0.078740157186985	1	1	1	1	0.00255754473619163	0.00101214577443898	A4	2	83	STTFSTNYR2	M	A42.M	A42.M
62	A4	4	(Dimethyl)QTQTFTTYSDNQPGVLIQVYEGER3	(Dimethyl)QTQTFTTYSDNQPGVLIQVYEGER	QTQTFTTYSDNQPGVLIQVYEGER	3	8167	0	0	936.132568359375	P17879;P63017;Q61696	P63017	HSP7C_MOUSE	Hspa8	27.0197219848633	76.6261520385742	26.7798175811768	78.8502349853516	1.00998187065125	1.05112397670746	1.01544713973999	1.04832863807678	46.0015907287598	46.0015907287598	487.016754150391	487.016754150391	46.0015907287598	-0.00286865234375	1	0	0	0	0	1.22069263458252	0	0	16613045	16906422	26.9717845916748	27.0676651000977	0.0421234667301178	0	0	0	0	0	0	0	0	0.00448430515825748	0.00654054759070277	3.06748479488306e-05	0.000812567712273449	0.477388143539429	0.0281517747789621	0.00210084044374526	0	(Dimethyl)QTQTFTTYSDNQPGVLIQVYEGER3	[P63017:Q424]	0	0	1	1	1	1	1	0.00255754473619163	0.00101214577443898	A4	2	83	QTQTFTTYSDNQPGVLIQVYEGER3	M	A42.M	A42.M
22	A2	4	(Dimethyl)VALVYGQM(UniMod:35)NEPPGAR2	(Dimethyl)VALVYGQM(UniMod:35)NEPPGAR	VALVYGQMNEPPGAR	2	9545	0	1	825.434509277344	P56480	P56480	ATPB_MOUSE	Atp5f1b	24.9378566741943	29.3604106903076	25.4113903045654	25.1487770080566	1.06179201602936	1.07933807373047	1.04800987243652	1.10114753246307	1688.58068847656	1688.58068847656	3229.12622070312	3229.12622070312	2477.09838867188	-0.00537109375	1	0.507919788360596	0.00999999977648258	0	0.457014143466949	1.67231440544128	0	0.792958974838257	27225414	27285380	24.8739242553711	25.0337429046631	0.0367465987801552	0	0	0	0	0	0	0	0	0.00378787890076637	0.0111388508230448	1.79856106115039e-05	3.11891221826954e-06	0.182707995176315	1.76977409864776e-05	3.11891221826954e-06	1	(Dimethyl)VALVYGQM(UniMod:35){1.000000}NEPPGAR2	[P56480:V265,M272]	1	0.0768049135804176	0.0140845067799091	1	1	1	1	0.00255754473619163	0.00101214577443898	A2	2	1	VALVYGQMNEPPGAR2	M	A22.M	A22.M
62	A4	8	(Dimethyl)VLSIGDGIAR2	(Dimethyl)VLSIGDGIAR	VLSIGDGIAR	2	10130	0	1	518.830810546875	Q03265	Q03265	ATPA_MOUSE	Atp5f1a	25.0964183807373	43.2039527893066	25.1390895843506	42.7786483764648	0.859868109226227	0.905620753765106	0.865409672260284	0.904154121875763	9523.3984375	9523.3984375	11827.2705078125	11827.2705078125	9742.216796875	-0.00439453125	1	0.741790175437927	0.00999999977648258	0	0.913750529289246	4.19803762435913	0	0.901015818119049	17528744	18408140	25.0484752655029	25.1603603363037	0.0445930249989033	0	0	0	0	0	0	0	0	0.000173534339410253	0.000173534339410253	1.79856106115039e-05	4.03183039452415e-05	0.019189765676856	1.76977409864776e-05	2.76671216852264e-05	0	(Dimethyl)VLSIGDGIAR2	[Q03265:V74]	0	0	0.072727270424366	1	1	1	1	0.00255754473619163	0.00101214577443898	A4	2	83	VLSIGDGIAR2	H	A42.H	A42.H
62	A4	0	(Dimethyl)EIEYEVVR2	(Dimethyl)EIEYEVVR	EIEYEVVR	2	2335	0	0	532.784729003906	B2RQC6;Q8C196	Q8C196	CPSM_MOUSE	Cps1	24.2190952301025	26.9631786346436	24.1711521148682	28.2139739990234	0.886955499649048	0.931473314762115	0.886227548122406	0.931012332439423	892.480163574219	892.480163574219	1407.03527832031	1407.03527832031	936.021362304688	-0.00274658203125	1	0.658074021339417	0.00999999977648258	0	0.851500928401947	3.79906749725342	0	0.752888798713684	18882052	19099370	24.1711521148682	24.2830200195312	0.0531481094658375	0	0	0	0	0	0	0	0	2.11612023122143e-05	2.11612023122143e-05	1.38504155984265e-05	0.000247279909672216	0.0433295331895351	1.36287317218375e-05	0.000796336855273694	0	(Dimethyl)EIEYEVVR2	[Q8C196:E631]	0	0.00448430515825748	0.186813190579414	1	1	1	1	0.00255754473619163	0.00101214577443898	A4	2	83	EIEYEVVR2	L	A42.L	A42.L
22	A2	4	(Dimethyl)EVATSVQLTLR2	(Dimethyl)EVATSVQLTLR	EVATSVQLTLR	2	2767	0	1	624.876647949219	P25688	P25688	URIC_MOUSE	Uox	25.8861484527588	46.3555488586426	26.0029029846191	44.5664024353027	0.913632452487946	0.961551249027252	0.91551947593689	0.961516499519348	2239.80297851562	2239.80297851562	2174.0576171875	2174.0576171875	2174.0576171875	-0.00323486328125	1	0.588785350322723	0.00999999977648258	0	0.686424195766449	2.38640546798706	0	0.70910507440567	36378332	36558436	25.8541870117188	25.9341011047363	0.0332260578870773	0	0	0	0	0	0	0	0	3.81679383281153e-05	0.000112642723252065	1.79856106115039e-05	3.23624590237159e-06	0.0139860138297081	1.76977409864776e-05	1.7070657122531e-05	0	(Dimethyl)EVATSVQLTLR2	[P25688:E42]	0	0	0.0140845067799091	1	1	1	1	0.00255754473619163	0.00101214577443898	A2	2	1	EVATSVQLTLR2	M	A22.M	A22.M
64	A5	0	(Dimethyl)AGFAGDDAPR2	(Dimethyl)AGFAGDDAPR	AGFAGDDAPR	2	323	0	0	502.743438720703	P60710;P62737;P63260;P63268;P68033;P68134	P60710;P63260	ACTB_MOUSE;ACTG_MOUSE	Actb;Actg1	22.255485534668	-2.72135925292969	22.2811546325684	-3.43281698226929	0.82470566034317	0.883909642696381	0.837051272392273	0.88397228717804	151.003768920898	151.003768920898	340.007629394531	340.007629394531	151.003768920898	0.000244140625	1	0	0	0	0	3.35036373138428	0	0.0704117491841316	15933068	15721056	22.1915607452393	22.3034267425537	0.0401665158569813	0	0	0	0	0	0	0	0	0.00757575780153275	0.0210805609822273	1.38504155984265e-05	6.41848509985721e-06	0.125	1.36287317218375e-05	8.67428479978116e-06	0	(Dimethyl)AGFAGDDAPR2	[P60710:A19];[P63260:A19]	0	0.00793650839477777	1	1	1	1	1	0.00255754473619163	0.00101214577443898	A5	2	47	AGFAGDDAPR2	L	A52.L	A52.L
22	A2	0	(Dimethyl)LAAAFAVSR2	(Dimethyl)LAAAFAVSR	LAAAFAVSR	2	5686	0	1	467.279449462891	Q99JY0	Q99JY0	ECHB_MOUSE	Hadhb	25.6535358428955	35.6429214477539	25.6357135772705	41.5794486999512	0.818750023841858	0.880236864089966	0.832308232784271	0.869493365287781	516.011291503906	516.011291503906	639.013122558594	639.013122558594	516.011291503906	0.00146484375	1	0	0	0	0.518986284732819	1.61940670013428	0	0	37740644	37403712	25.6215724945068	25.6854972839355	0.0239739418029785	0	0	0	0	0	0	0	0	0.00028785498579964	0.00028785498579964	4.69157821498811e-05	0.000247279909672216	0.0254237279295921	4.978302604286e-05	0.000796336855273694	0	(Dimethyl)LAAAFAVSR2	[Q99JY0:L231]	0	0.0038167939055711	1	1	1	1	1	0.00255754473619163	0.00101214577443898	A2	2	1	LAAAFAVSR2	L	A22.L	A22.L
62	A4	8	(Dimethyl)VVDLLAPYAK(Dimethyl)2	(Dimethyl)VVDLLAPYAK(Dimethyl)	VVDLLAPYAK	2	10449	0	1	580.896789550781	P56480	P56480	ATPB_MOUSE	Atp5f1b	26.6502742767334	72.4355239868164	26.6858406066895	71.7399673461914	0.913749992847443	0.956778824329376	0.915856420993805	0.959497690200806	1682.6630859375	1682.6630859375	166.003753662109	166.003753662109	81.0018768310547	0	1	0.730671584606171	0.27447834610939	0	0.401397079229355	0.922068655490875	1.48343515396118	0.758695304393768	18018298	17628784	26.570369720459	26.7142391204834	0.0297494269907475	0	0	0	0	0	0	0	0	0.00011894586350536	0.00011894586350536	7.07213575878995e-06	0.000247279909672216	0.0174418613314629	1.52987104229396e-05	0.000796336855273694	0	(Dimethyl)VVDLLAPYAK(Dimethyl)2	[P56480:V189,K198]	0	0.247402846813202	0.277419358491898	1	1	1	1	0.00255754473619163	0.00101214577443898	A4	2	83	VVDLLAPYAK2	H	A42.H	A42.H
22	A2	8	(Dimethyl)IGAFSYGSGLAASFFSFR2	(Dimethyl)IGAFSYGSGLAASFFSFR	IGAFSYGSGLAASFFSFR	2	4659	0	1	961.005432128906	P54869	P54869	HMCS2_MOUSE	Hmgcs2	30.169641494751	110.980438232422	29.8393402099609	113.098457336426	1.13999998569489	1.17527973651886	1.12292814254761	1.16700947284698	1945.07800292969	1945.07800292969	2117.08959960938	2117.08959960938	1945.07800292969	-0.00042724609375	1	0	0	0	0.777761399745941	1.44963216781616	0	0.71113646030426	15980678	15325856	30.1057167053223	30.2175846099854	0.0299656391143799	0	0	0	0	0	0	0	0	7.48487145756371e-05	0.000111388508230448	0.0146678173914552	2.47279922405141e-06	0.0139860138297081	0.0146678173914552	3.11891221826954e-06	0	(Dimethyl)IGAFSYGSGLAASFFSFR2	[P54869:I407]	0	0.818886756896973	1	1	1	1	1	0.00255754473619163	0.00101214577443898	A2	2	1	IGAFSYGSGLAASFFSFR2	H	A22.H	A22.H
64	A5	4	(Dimethyl)LVLEVAQHLGESTVR2	(Dimethyl)LVLEVAQHLGESTVR	LVLEVAQHLGESTVR	2	6809	0	1	841.990539550781	P56480	P56480	ATPB_MOUSE	Atp5f1b	25.4378280639648	47.5635871887207	25.4138488769531	53.2568855285645	1.13499999046326	1.16481554508209	1.1784884929657	1.15532147884369	3731.79467773438	3731.79467773438	810.032165527344	810.032165527344	283.011749267578	-0.00384521484375	1	0.65990549325943	0.267457276582718	0	0	1.10656249523163	0	0.530504286289215	12621623	12613494	25.3259525299072	25.4538078308105	0.0239768028259277	0	0	0	0	0	0	0	0	0.00240242877043784	0.00240242877043784	2.37347303482238e-05	3.40831638823147e-06	0.737517833709717	2.37347303482238e-05	3.07961227008491e-06	0	(Dimethyl)LVLEVAQHLGESTVR2	[P56480:L95]	0	0.648236393928528	1	1	1	1	1	0.00255754473619163	0.00101214577443898	A5	2	47	LVLEVAQHLGESTVR2	M	A52.M	A52.M
62	A4	8	(Dimethyl)VAIIEPGGFR2	(Dimethyl)VAIIEPGGFR	VAIIEPGGFR	2	9513	0	1	547.841186523438	O88451	O88451	RDH7_MOUSE	Rdh7	25.7055168151855	54.4776954650879	25.7174091339111	54.2771644592285	0.871341347694397	0.91061794757843	0.869980573654175	0.913800120353699	4991.3896484375	4991.3896484375	6209.1650390625	6209.1650390625	4185.115234375	-0.00775146484375	1	0.716463923454285	0.633791565895081	0	0.851288914680481	3.54406023025513	0.726644933223724	1.05396771430969	20332392	19327226	25.6575717926025	25.8173828125	0.042589332908392	0	0	0	0	0	0	0	0	4.48430510004982e-05	6.54054747428745e-05	1.79856106115039e-05	1.93502091860864e-05	0.0433295331895351	1.76977409864776e-05	4.8447629524162e-05	0	(Dimethyl)VAIIEPGGFR2	[O88451:V200]	0	0.0130718955770135	0.025000000372529	1	1	1	1	0.00255754473619163	0.00101214577443898	A4	2	83	VAIIEPGGFR2	H	A42.H	A42.H
64	A5	4	(Dimethyl)NIGAQSNNDSEYVR2	(Dimethyl)NIGAQSNNDSEYVR	NIGAQSNNDSEYVR	2	7414	0	1	799.888977050781	Q9DBW0	Q9DBW0	CP4V2_MOUSE	Cyp4v2	23.8538208007812	2.94257187843323	22.8355083465576	24.081693649292	1.00125002861023	1.05865108966827	1.00191807746887	1.04475736618042	402.012390136719	402.012390136719	94.0031051635742	94.0031051635742	282.009307861328	-0.00164794921875	1	0	0	0	0	2.14516615867615	0	1.13752555847168	15262674	14794565	23.8218612670898	23.8857822418213	0.0239725112915039	0	0	0	0	0	0	0	0	0.00793650839477777	0.0154437273740768	1	0.00153100281022489	0.354948818683624	1	0.00157828279770911	0	(Dimethyl)NIGAQSNNDSEYVR2	[Q9DBW0:N208]	0	0	0.0384615398943424	1	1	1	1	1	0.00101214577443898	A5	2	47	NIGAQSNNDSEYVR2	M	A52.M	A52.M
62	A4	4	(Dimethyl)IAQFLSGIPETVPLSTVNR3	(Dimethyl)IAQFLSGIPETVPLSTVNR	IAQFLSGIPETVPLSTVNR	3	4521	0	0	692.066345214844	Q8VCH0;Q921H8	Q8VCH0	THIKB_MOUSE	Acaa1b	28.2733535766602	96.2757034301758	28.3239593505859	96.2747802734375	0.986940443515778	1.0263444185257	0.988441526889801	1.02586674690247	2281.78344726562	2281.78344726562	3166.11108398438	3166.11108398438	3161.10522460938	-0.007568359375	1	0.722858846187592	0.643753051757812	0	0.635935127735138	2.7708625793457	0.511631786823273	1.36795616149902	14734736	14965926	28.2254104614258	28.3212947845459	0.0385205112397671	0	0	0	0	0	0	0	0	0.00448430515825748	0.00654054759070277	0.000218299508560449	0.00116861436981708	0.0258481428027153	0.000217621301999316	0.00116861436981708	0	(Dimethyl)IAQFLSGIPETVPLSTVNR3	[Q8VCH0:I103]	0	0.00448430515825748	0.0109890112653375	1	1	1	1	0.00255754473619163	0.00101214577443898	A4	2	83	IAQFLSGIPETVPLSTVNR3	M	A42.M	A42.M
64	A5	8	(Dimethyl)AGFAGDDAPR2	(Dimethyl)AGFAGDDAPR	AGFAGDDAPR	2	323	0	0	506.765625	P60710;P62737;P63260;P63268;P68033;P68134	P60710;P63260	ACTB_MOUSE;ACTG_MOUSE	Actb;Actg1	22.255485534668	-2.72135925292969	22.2811546325684	-3.43281698226929	0.82470566034317	0.883909642696381	0.837051272392273	0.88397228717804	261.765563964844	261.765563964844	487.01025390625	487.01025390625	261.006103515625	-6.103515625e-05	1	0.532281458377838	0.00999999977648258	0	0.646867573261261	3.35036373138428	0	0	15933068	15721056	22.1915607452393	22.3034267425537	0.0401665158569813	0	0	0	0	0	0	0	0	0.00757575780153275	0.0210805609822273	1.38504155984265e-05	6.41848509985721e-06	0.125	1.36287317218375e-05	8.67428479978116e-06	0	(Dimethyl)AGFAGDDAPR2	[P60710:A19];[P63260:A19]	0	0.00793650839477777	1	1	1	1	1	0.00255754473619163	0.00101214577443898	A5	2	47	AGFAGDDAPR2	H	A52.H	A52.H
22	A2	4	(Dimethyl)VLLGGISGLTGGFVGTPADLVNVR3	(Dimethyl)VLLGGISGLTGGFVGTPADLVNVR	VLLGGISGLTGGFVGTPADLVNVR	3	10076	0	1	782.122741699219	Q9QZD8	Q9QZD8	DIC_MOUSE	Slc25a10	29.4751625061035	108.82250213623	29.7234134674072	107.923538208008	1.03250002861023	1.09171915054321	1.05553555488586	1.06866979598999	1092.03637695312	1092.03637695312	1262.04650878906	1262.04650878906	890.029907226562	-0.0025634765625	1	0	0	0	0.411375284194946	1.46577405929565	0	1.06100857257843	19040984	18753100	29.4112358093262	29.5390853881836	0.0239725112915039	0	0	0	0	0	0	0	0	0.00355923292227089	0.00355923292227089	1.72413801919902e-05	2.47279922405141e-06	0.0549450553953648	0.0223619844764471	3.11891221826954e-06	0	(Dimethyl)VLLGGISGLTGGFVGTPADLVNVR3	[Q9QZD8:V102]	0	0.013377926312387	0.0140845067799091	1	1	1	1	0.00255754473619163	0.00101214577443898	A2	2	1	VLLGGISGLTGGFVGTPADLVNVR3	M	A22.M	A22.M
62	A4	8	(Dimethyl)IAPLEEGM(UniMod:35)LPFNLAEAQR3	(Dimethyl)IAPLEEGM(UniMod:35)LPFNLAEAQR	IAPLEEGMLPFNLAEAQR	3	4509	0	1	684.372314453125	Q9QXX4	Q9QXX4	S2513_MOUSE	Slc25a13	28.0460586547852	92.2407302856445	27.9871597290039	92.8207168579102	0.966360449790955	1.00761592388153	0.97139710187912	1.00464820861816	2738.27197265625	2738.27197265625	4800.15771484375	4800.15771484375	4573.15185546875	-0.005615234375	1	0.736929774284363	0.820718944072723	0	0.905310094356537	2.21936798095703	0	0.86791855096817	14837735	14706368	27.9821357727051	28.0940017700195	0.0550627633929253	0	0	0	0	0	0	0	0	0.00448430515825748	0.00654054759070277	1.11607141661807e-05	0.000796336855273694	0.0655498877167702	2.28436820179923e-05	0.000796336855273694	1	(Dimethyl)IAPLEEGM(UniMod:35){1.000000}LPFNLAEAQR3	[Q9QXX4:I293,M300]	1	0.00448430515825748	0.125	1	1	1	1	0.00255754473619163	0.00101214577443898	A4	2	83	IAPLEEGMLPFNLAEAQR3	H	A42.H	A42.H
22	A2	4	(Dimethyl)VATVSLPR2	(Dimethyl)VATVSLPR	VATVSLPR	2	9582	0	1	437.786560058594	contam_sp|P00761|TRYP_PIG	contam_sp|P00761|TRYP_PIG	Trypsin	Trypsin	25.0763607025146	25.4899444580078	25.0398807525635	30.3682327270508	0.814868986606598	0.865785539150238	0.815687358379364	0.864411890506744	309059.5	309059.5	573638.6875	573638.6875	542991.0625	-0.00225830078125	1	0.844232738018036	0.575022101402283	0	0.970889151096344	5.62676382064819	2.3957896232605	1.18585252761841	40271596	39282808	25.0124340057373	25.204216003418	0.064425989985466	0	0	0	0	0	0	0	0	3.81679383281153e-05	0.000112642723252065	7.07213575878995e-06	0.0023545240983367	0.000139860145282	1.52987104229396e-05	0.0023545240983367	0	(Dimethyl)VATVSLPR2	[contam_sp|P00761|TRYP_PIG:V108]	0	0	0.0140845067799091	1	1	1	1	0.00255754473619163	0.00101214577443898	A2	2	1	VATVSLPR2	M	A22.M	A22.M
62	A4	8	(Dimethyl)EFVEAVLELR2	(Dimethyl)EFVEAVLELR	EFVEAVLELR	2	2217	0	1	620.8701171875	Q9QZQ8	Q9QZQ8	H2AY_MOUSE	Macroh2a1	27.6110210418701	87.9648742675781	27.5970191955566	88.4148559570312	0.941249966621399	0.979804396629333	0.944064795970917	0.982540488243103	264.010864257812	264.010864257812	377.013671875	377.013671875	264.010864257812	-0.00335693359375	1	0	0	0	0	2.42386031150818	0	0	15557222	15208985	27.5630779266357	27.6429824829102	0.0239725112915039	0	0	0	0	0	0	0	0	0.00448430515825748	0.00654054759070277	1.79856106115039e-05	2.47279922405141e-06	0.157843142747879	0.00234466581605375	3.11891221826954e-06	0	(Dimethyl)EFVEAVLELR2	[Q9QZQ8:E237]	0	0.0242369845509529	1	1	1	1	1	0.00255754473619163	0.00101214577443898	A4	2	83	EFVEAVLELR2	H	A42.H	A42.H
62	A4	0	(Dimethyl)IVGDLAQFM(UniMod:35)VQNGLSR3	(Dimethyl)IVGDLAQFM(UniMod:35)VQNGLSR	IVGDLAQFMVQNGLSR	3	5237	0	1	597.985595703125	Q05920	Q05920	PYC_MOUSE	Pc	26.4922409057617	68.7255477905273	26.6331653594971	67.3834609985352	0.907588481903076	0.94801652431488	0.911473512649536	0.95091187953949	2317.11328125	2317.11328125	1891.05456542969	1891.05456542969	1531.04431152344	-0.00750732421875	1	0.727030992507935	0.531517386436462	0	0.514089167118073	2.07353043556213	0.90343850851059	1.645423412323	16856538	18707510	26.444278717041	26.5561618804932	0.0405973792076111	0	0	0	0	0	0	0	0	0.00448430515825748	0.00654054759070277	1.44717796501936e-05	0.000796336855273694	0.156901687383652	3.42758030456025e-05	0.000796336855273694	1	(Dimethyl)IVGDLAQFM(UniMod:35){1.000000}VQNGLSR3	[Q05920:I913,M921]	1	0.0130718955770135	0.0204081628471613	1	1	1	1	0.00255754473619163	0.00101214577443898	A4	2	83	IVGDLAQFMVQNGLSR3	L	A42.L	A42.L
62	A4	8	(Dimethyl)LPTLEQPIIPSDYVAIK(Dimethyl)3	(Dimethyl)LPTLEQPIIPSDYVAIK(Dimethyl)	LPTLEQPIIPSDYVAIK	3	6523	0	1	657.078002929688	Q8C196	Q8C196	CPSM_MOUSE	Cps1	28.1739082336426	94.7287368774414	28.2623596191406	93.7853393554688	0.951508581638336	0.9937983751297	0.956367790699005	0.983501374721527	1562.15197753906	1562.15197753906	137.005615234375	137.005615234375	0	0	1	0.807553052902222	0.591527283191681	0	0	1.46231114864349	0	1.62693881988525	15310380	15367635	28.1259651184082	28.2218589782715	0.0353723056614399	0	0	0	0	0	0	0	0	0.00448430515825748	0.00654054759070277	1.38504155984265e-05	3.86494912163471e-06	0.217629685997963	1.36287317218375e-05	3.86494912163471e-06	0	(Dimethyl)LPTLEQPIIPSDYVAIK(Dimethyl)3	[Q8C196:L1293,K1309]	0	0.0697674453258514	0.025000000372529	1	1	1	1	0.00255754473619163	0.00101214577443898	A4	2	83	LPTLEQPIIPSDYVAIK3	H	A42.H	A42.H
64	A5	8	(Dimethyl)AVFPSIVGRPR3	(Dimethyl)AVFPSIVGRPR	AVFPSIVGRPR	3	1036	0	0	412.265228271484	P60710;P62737;P63260;P63268;P68033;P68134	P60710;P63260	ACTB_MOUSE;ACTG_MOUSE	Actb;Actg1	24.5534763336182	34.4250297546387	24.5490379333496	35.5254058837891	0.776978611946106	0.826729536056519	0.777856290340424	0.840918660163879	0	0	0	0	0	0	1	0	0	0	0	2.59674453735352	0	0	13692914	14230232	24.4895534515381	24.6173992156982	0.0554404705762863	0	0	0	0	0	0	0	0	0.00757575780153275	0.0210805609822273	0.00534441787749529	0.000812567712273449	0.147540986537933	0.00534441787749529	0.000812567712273449	0	(Dimethyl)AVFPSIVGRPR3	[P60710:A29];[P63260:A29]	0	0.0229885056614876	1	1	1	1	1	0.00255754473619163	0.00101214577443898	A5	2	47	AVFPSIVGRPR3	H	A52.H	A52.H
62	A4	0	(Dimethyl)LLEGEESR2	(Dimethyl)LLEGEESR	LLEGEESR	2	6308	0	0	480.753448486328	contam_sp|Q9NSB2|KRT84_HUMAN;P11679;P15331;P20152;P31001;Q9DCV7	P11679	K2C8_MOUSE	Krt8	22.153881072998	-8.92059993743896	22.153881072998	-8.6206579208374	0.836970388889313	0.888909757137299	0.842708230018616	0.884538173675537	914.020141601562	914.020141601562	766.018371582031	766.018371582031	570.012329101562	-0.0052490234375	1	0	0	0	0.376517534255981	2.28806471824646	0.495940923690796	0.420836359262466	20081464	19892374	22.1059246063232	22.2178134918213	0.0406299941241741	0	0	0	0	0	0	0	0	0.00448430515825748	0.00654054759070277	1.62213564181002e-05	0.0002128880150849	0.0174418613314629	1.65774399647489e-05	0.00214967085048556	0	(Dimethyl)LLEGEESR2	[P11679:L400]	0	0.00448430515825748	0.393750011920929	1	1	1	1	0.00255754473619163	0.00101214577443898	A4	2	83	LLEGEESR2	L	A42.L	A42.L
22	A2	0	(Dimethyl)TIAM(UniMod:35)DGTEGLVR2	(Dimethyl)TIAM(UniMod:35)DGTEGLVR	TIAMDGTEGLVR	2	9107	0	1	653.837219238281	P56480	P56480	ATPB_MOUSE	Atp5f1b	24.5915660858154	20.1081829071045	24.6751556396484	20.7859878540039	0.953308165073395	1.00202238559723	0.95531690120697	1.00073027610779	2675.10913085938	2675.10913085938	3261.099609375	3261.099609375	2962.09936523438	-0.00286865234375	1	0.702775776386261	0.00999999977648258	0	0.922559976577759	0.856023550033569	0	0.545928239822388	28554680	39950836	24.5436229705811	24.6555080413818	0.0460834391415119	0	0	0	0	0	0	0	0	0.00378787890076637	0.00723932590335608	1.51285930769518e-05	8.05333402240649e-05	0.0139860138297081	1.50156984091154e-05	8.05333402240649e-05	0	(Dimethyl)TIAM(UniMod:35)DGTEGLVR2	[P56480:T110,M113]	1	0.40620031952858	0.0813953503966331	1	1	1	1	0.00255754473619163	0.00101214577443898	A2	2	1	TIAMDGTEGLVR2	L	A22.L	A22.L
62	A4	0	(Dimethyl)QAGLSYIR2	(Dimethyl)QAGLSYIR	QAGLSYIR	2	7780	0	1	468.269073486328	P56382	P56382	ATP5E_MOUSE	Atp5f1e	23.7840309143066	19.6410293579102	23.7991409301758	20.4633979797363	0.823323488235474	0.872890055179596	0.832078695297241	0.868552803993225	1132.36364746094	1132.36364746094	1450.03515625	1450.03515625	1119.02734375	-0.004852294921875	1	0.506205916404724	0.00999999977648258	0	0.496557742357254	3.35760498046875	0	0.753508448600769	19865910	19905204	23.6561679840088	23.8319835662842	0.0321502201259136	0	0	0	0	0	0	0	0	9.31454706005752e-05	9.31454706005752e-05	1.79856106115039e-05	0.000120345976029057	0.0329218097031116	1.76977409864776e-05	7.77298482717015e-05	0	(Dimethyl)QAGLSYIR2	[P56382:Q7]	0	0.00448430515825748	0.186813190579414	1	1	1	1	0.00255754473619163	0.00101214577443898	A4	2	83	QAGLSYIR2	L	A42.L	A42.L
22	A2	8	(Dimethyl)VALVYGQM(UniMod:35)NEPPGAR3	(Dimethyl)VALVYGQM(UniMod:35)NEPPGAR	VALVYGQMNEPPGAR	3	9546	0	1	551.965209960938	P56480	P56480	ATPB_MOUSE	Atp5f1b	24.921875	29.4413146972656	25.4169864654541	24.6938228607178	0.862679958343506	0.916014909744263	0.868050575256348	0.910804331302643	4345.6748046875	4345.6748046875	1562.04248046875	1562.04248046875	693.015869140625	-0.0025634765625	1	0.711813569068909	0.356024891138077	0	0.501362383365631	1.90132355690002	0	0.781795740127563	29225276	27225414	24.8739242553711	25.0337429046631	0.0493941158056259	0	0	0	0	0	0	0	0	0.00378787890076637	0.0111388508230448	2.21201589738484e-05	4.71595694762073e-06	0.0311418678611517	2.21201589738484e-05	4.71595694762073e-06	1	(Dimethyl)VALVYGQM(UniMod:35){1.000000}NEPPGAR3	[P56480:V265,M272]	1	0.0315126068890095	0.025000000372529	1	1	1	1	0.00255754473619163	0.00101214577443898	A2	2	1	VALVYGQMNEPPGAR3	H	A22.H	A22.H
22	A2	8	(Dimethyl)M(UniMod:35)SPEEFTEIM(UniMod:35)NQR3	(Dimethyl)M(UniMod:35)SPEEFTEIM(UniMod:35)NQR	MSPEEFTEIMNQR	3	7050	0	1	560.598083496094	P54869	P54869	HMCS2_MOUSE	Hmgcs2	24.4601669311523	26.2541427612305	25.1376094818115	15.117639541626	0.805000007152557	0.868841826915741	0.823450207710266	0.855578601360321	350.007690429688	350.007690429688	266.005828857422	266.005828857422	266.005828857422	0.00054931640625	1	0	0	0	0.519620954990387	1.67174887657166	0	0.812301933765411	32403558	35996096	24.3962364196777	24.4921283721924	0.0239768028259277	0	0	0	0	0	0	0	0	0.0038167939055711	0.00651733530685306	1.23304562293924e-05	5.44242811884033e-06	0.0883002206683159	2.40260760620004e-05	5.44242811884033e-06	1	(Dimethyl)M(UniMod:35){1.000000}SPEEFTEIM(UniMod:35){1.000000}NQR3	[P54869:M455,M455,M464]	1	0	0.025000000372529	1	1	1	1	0.00255754473619163	0.00101214577443898	A2	2	1	MSPEEFTEIMNQR3	H	A22.H	A22.H
62	A4	0	(Dimethyl)LTLTFNR2	(Dimethyl)LTLTFNR	LTLTFNR	2	6727	0	1	446.766174316406	Q91VR2	Q91VR2	ATPG_MOUSE	Atp5f1c	25.5581378936768	51.5750617980957	25.5760765075684	52.4705657958984	0.798750042915344	0.839402437210083	0.794481813907623	0.844716310501099	181.003784179688	181.003784179688	217.004669189453	217.004669189453	0	0	1	0	0	0	0	3.01493167877197	0	0.0846000164747238	17050168	19034930	25.5261726379395	25.5900974273682	0.0239725112915039	0	0	0	0	0	0	0	0	0.00448430515825748	0.00654054759070277	8.39147614897229e-05	0.0023545240983367	0.0368421040475368	8.25716560939327e-05	0.00508302263915539	0	(Dimethyl)LTLTFNR2	[Q91VR2:L271]	0	0.00448430515825748	1	1	1	1	1	0.00255754473619163	0.00101214577443898	A4	2	83	LTLTFNR2	L	A42.L	A42.L
62	A4	4	(Dimethyl)QGQYSPM(UniMod:35)AIEEQVAVIYAGVR3	(Dimethyl)QGQYSPM(UniMod:35)AIEEQVAVIYAGVR	QGQYSPMAIEEQVAVIYAGVR	3	7919	0	1	786.408386230469	Q03265	Q03265	ATPA_MOUSE	Atp5f1a	28.5166282653809	99.655632019043	28.7306060791016	97.8962631225586	1.01387405395508	1.06569600105286	1.03074955940247	1.05145347118378	1231.04272460938	1231.04272460938	1388.05578613281	1388.05578613281	776.027160644531	-0.00750732421875	1	0	0	0	0.0287004876881838	1.28975665569305	0	0.480894565582275	15413945	15695402	28.4526958465576	28.5805530548096	0.0295846424996853	0	0	0	0	0	0	0	0	0.000549398886505514	0.000549398886505514	9.73709848040016e-06	3.22684741149715e-06	0.189806684851646	0.0576096288859844	3.86494912163471e-06	0	(Dimethyl)QGQYSPM(UniMod:35)AIEEQVAVIYAGVR3	[Q03265:Q473,M479]	1	0.00448430515825748	0.311224490404129	1	1	1	1	0.00255754473619163	0.00101214577443898	A4	2	83	QGQYSPMAIEEQVAVIYAGVR3	M	A42.M	A42.M
62	A4	4	(Dimethyl)TASAQPVSSVGVLGLGTM(UniMod:35)GR3	(Dimethyl)TASAQPVSSVGVLGLGTM(UniMod:35)GR	TASAQPVSSVGVLGLGTMGR	3	8949	0	1	646.0205078125	Q9DBM2	Q9DBM2	ECHP_MOUSE	Ehhadh	26.0624828338623	60.3868751525879	26.1850051879883	60.344409942627	0.980247795581818	1.02311825752258	0.986157357692719	1.0234899520874	1845.36499023438	1845.36499023438	2281.07275390625	2281.07275390625	1728.052734375	0	1	0.436539381742477	0.00999999977648258	0	0.405924260616302	2.08021688461304	0	0	16592954	16115781	26.0465049743652	26.1264095306396	0.0421098358929157	0	0	0	0	0	0	0	0	0.00448430515825748	0.00654054759070277	0.00534441787749529	0.00522919464856386	0.0258481428027153	0.0218156222254038	0.00522919464856386	1	(Dimethyl)TASAQPVSSVGVLGLGTM(UniMod:35){1.000000}GR3	[Q9DBM2:T289,M306]	1	0.00448430515825748	1	1	1	1	1	0.00255754473619163	0.00101214577443898	A4	2	83	TASAQPVSSVGVLGLGTMGR3	M	A42.M	A42.M
62	A4	8	(Dimethyl)AIAELGIYPAVDPLDSTSR3	(Dimethyl)AIAELGIYPAVDPLDSTSR	AIAELGIYPAVDPLDSTSR	3	412	0	1	675.374572753906	P56480	P56480	ATPB_MOUSE	Atp5f1b	28.2698040008545	96.2738571166992	28.3207092285156	96.2747802734375	0.955075621604919	0.998082876205444	0.958633303642273	0.991665184497833	3447.099609375	3447.099609375	3363.09716796875	3363.09716796875	3382.09692382812	-0.0079345703125	1	0	0	0	0.670087337493896	2.00122022628784	0	0.771156132221222	15245597	14734736	28.2218589782715	28.3017635345459	0.0355967581272125	0	0	0	0	0	0	0	0	0.00448430515825748	0.00654054759070277	0.0146678173914552	0.00214967085048556	0.0185185186564922	0.0146678173914552	0.00214967085048556	0	(Dimethyl)AIAELGIYPAVDPLDSTSR3	[P56480:A388]	0	0.00856531038880348	0.155339807271957	1	1	1	1	0.00255754473619163	0.00101214577443898	A4	2	83	AIAELGIYPAVDPLDSTSR3	H	A42.H	A42.H
62	A4	0	(Dimethyl)M(UniMod:35)VNVFLGIPFAQAPLGPLR3	(Dimethyl)M(UniMod:35)VNVFLGIPFAQAPLGPLR	MVNVFLGIPFAQAPLGPLR	3	7066	0	1	695.395690917969	Q63880	Q63880	EST3A_MOUSE	Ces3a	30.1912040710449	114.951240539551	30.0747337341309	116.320793151855	1.00746071338654	1.02405560016632	0.98851090669632	1.04079639911652	627.85009765625	627.85009765625	1490.048828125	1490.048828125	204.006088256836	-0.0020751953125	1	0.721253931522369	0.66438090801239	0	0.371242433786392	4.11162185668945	0.151005238294601	1.20240902900696	20631402	20732462	30.1432590484619	30.2391548156738	0.0381503477692604	0	0	0	0	0	0	0	0	4.48430510004982e-05	6.54054747428745e-05	1.44717796501936e-05	0.000260843400610611	0.0724538639187813	8.9766072051134e-05	0.000260843400610611	1	(Dimethyl)M(UniMod:35){1.000000}VNVFLGIPFAQAPLGPLR3	[Q63880:M59,M59]	1	0	0.0204081628471613	1	1	1	1	0.00255754473619163	0.00101214577443898	A4	2	83	MVNVFLGIPFAQAPLGPLR3	L	A42.L	A42.L
62	A4	4	(Dimethyl)GTPLDTEVPLER2	(Dimethyl)GTPLDTEVPLER	GTPLDTEVPLER	2	4222	0	1	679.876831054688	Q05920	Q05920	PYC_MOUSE	Pc	25.3450393676758	48.3573760986328	25.3482723236084	46.4362640380859	0.962728321552277	1.00810265541077	0.969434201717377	1.00035607814789	13037.5947265625	13037.5947265625	14930.4921875	14930.4921875	13550.416015625	-0.00592041015625	1	0.469522297382355	0.00999999977648258	0	0.328928619623184	1.21834301948547	0	0	17644778	19049678	25.2970962524414	25.4089622497559	0.06047722697258	0	0	0	0	0	0	0	0	0.000173117106896825	0.000173117106896825	1.23304562293924e-05	2.47279922405141e-06	0.018229166045785	2.40260760620004e-05	6.25753727945266e-06	0	(Dimethyl)GTPLDTEVPLER2	[Q05920:G819]	0	0	1	1	1	1	1	0.00255754473619163	0.00101214577443898	A4	2	83	GTPLDTEVPLER2	M	A42.M	A42.M
64	A5	4	(Dimethyl)VVDDTNITR2	(Dimethyl)VVDDTNITR	VVDDTNITR	2	10441	0	1	532.7978515625	P05784	P05784	K1C18_MOUSE	Krt18	22.3052024841309	-3.31598973274231	22.2860107421875	4.86187648773193	0.848348677158356	0.896362900733948	0.859995007514954	0.895963311195374	307.817199707031	307.817199707031	1490.04028320312	1490.04028320312	306.006134033203	0	1	0.593048393726349	0.00999999977648258	0	0.818775355815887	1.32267081737518	0	0	15240686	14851854	22.2732410430908	22.3371639251709	0.0413705632090569	0	0	0	0	0	0	0	0	0.00757575780153275	0.0210805609822273	7.07213575878995e-06	9.7263022325933e-05	0.414758265018463	1.52987104229396e-05	0.00187499995809048	0	(Dimethyl)VVDDTNITR2	[P05784:V181]	0	0.0229885056614876	1	1	1	1	1	0.00255754473619163	0.00101214577443898	A5	2	47	VVDDTNITR2	M	A52.M	A52.M
64	A5	8	(Dimethyl)LPNGLVIASLENYAPLSR3	(Dimethyl)LPNGLVIASLENYAPLSR	LPNGLVIASLENYAPLSR	3	6508	0	1	655.051635742188	Q9DB77	Q9DB77	QCR2_MOUSE	Uqcrc2	28.8171043395996	102.286376953125	28.9964637756348	105.768516540527	0.950085639953613	0.983963429927826	0.950348556041718	0.993353724479675	960.799682617188	960.799682617188	1458.04931640625	1458.04931640625	1562.05187988281	-0.00091552734375	1	0.684446036815643	0.597150921821594	0	0.875647962093353	2.63415861129761	0	0.947450995445251	9943366	11596613	28.7851428985596	28.8650550842285	0.0267089605331421	0	0	0	0	0	0	0	0	7.57575762690976e-05	0.00021080560691189	1.7058162484318e-05	2.47279922405141e-06	0.147540986537933	2.24458945012884e-05	3.94284825233626e-06	0	(Dimethyl)LPNGLVIASLENYAPLSR3	[Q9DB77:L43]	0	0.00793650839477777	0.0434782616794109	1	1	1	1	0.00255754473619163	0.00101214577443898	A5	2	47	LPNGLVIASLENYAPLSR3	H	A52.H	A52.H
